file_name,agency,release_date,incident_date,incident_location,file_type,page_count,ocr_success_rate,review_required_count,japan_related,japan_keywords,japan_signal_source,location_conflict,location_conflict_reason,candidate_score,recommended_lane,reasons,notes
2024-04-30-composite-sketch.pdf,FBI,5/8/26,9/1/23,United States,PDF,1,,0,false,,,false,,80,breaking,"agency=FBI(+10) | eyewitness sketch — high visual public interest(+45) | 1p: very short, quick to process(+10) | recent incident (2024)(+15)",
usper-statement-redacted.pdf,FBI,5/8/26,Late 2025,United States,PDF,3,,0,false,,,false,,65,breaking,"agency=FBI(+10) | eyewitness personal statement(+30) | 3p: very short, quick to process(+10) | recent incident (2025)(+15)",
western_us_event_slides_5.08.2026.pdf,Department of War,5/8/26,2023,Western United States,PDF,4,,0,false,,,false,,65,breaking,"agency=Department of War(+5) | visual presentation slides(+35) | 4p: very short, quick to process(+10) | recent incident (2023)(+15)",
nasa-uap-d5-apollo-17-crew-debriefing-for-science-1973.pdf,NASA,5/8/26,1973,,PDF,3,,0,false,,,false,,60,breaking,"agency=NASA(+10) | NASA Apollo mission — high public interest(+25) | crew debrief transcript(+15) | 3p: very short, quick to process(+10)",
nasa-uap-d6-apollo-17-technical-crew-debriefing-1973.pdf,NASA,5/8/26,1973,,PDF,2,,0,false,,,false,,60,breaking,"agency=NASA(+10) | NASA Apollo mission — high public interest(+25) | crew debrief transcript(+15) | 2p: very short, quick to process(+10)",
nasa-uap-d1-apollo-12-transcript-1969.pdf,NASA,5/8/26,1969,Moon,PDF,4,,0,false,,,false,,57,breaking,"agency=NASA(+10) | NASA Apollo mission — high public interest(+25) | verbatim transcript(+12) | 4p: very short, quick to process(+10)",
dow-uap-d6-mission-report-arabian-gulf-2020.pdf,Department of War,5/8/26,N/A,Pacific Ocean,PDF,7,,0,true,pacific ocean,incident_location,false,,55,breaking,agency=Department of War(+5) | specific mission report(+10) | location_Pacific(pacific ocean)+20 | 7p: short document(+5) | recent incident (2020)(+15),
nasa-uap-d4-apollo-11-technical-crew-debriefing-1969.pdf,NASA,5/8/26,1969,,PDF,11,,0,false,,,false,,55,breaking,agency=NASA(+10) | NASA Apollo mission — high public interest(+25) | crew debrief transcript(+15) | 11p: short document(+5),
nasa-uap-d2-apollo-17-transcript-1972.pdf,NASA,5/8/26,1972,Moon,PDF,16,,0,false,,,false,,52,breaking,agency=NASA(+10) | NASA Apollo mission — high public interest(+25) | verbatim transcript(+12) | 16p: short document(+5),
dow-uap-d38-range-fouler-debrief-middle-east-may-2020.pdf,Department of War,5/8/26,5/14/20,Arabian Gulf,PDF,1,,0,false,,,false,,45,detailed,"agency=Department of War(+5) | aerial near-miss debrief(+15) | 1p: very short, quick to process(+10) | recent incident (2020)(+15)",
dow-uap-d42-range-fouler-debrief-japan-2023.pdf,Department of War,5/8/26,8/31/20,Arabian Gulf,PDF,1,,0,false,japan(filename-only),conflict,true,filename has Japan keyword (japan) but incident_location='Arabian Gulf' indicates non-Japan area (arabian gulf),45,detailed,"agency=Department of War(+5) | aerial near-miss debrief(+15) | 1p: very short, quick to process(+10) | recent incident (2023)(+15)",LOCATION_CONFLICT: filename has Japan keyword (japan) but incident_location='Arabian Gulf' indicates non-Japan area (arabian gulf)
dow-uap-d44-range-fouler-arabian-sea-october-2020.pdf,Department of War,5/8/26,10/15/20,Arabian Sea,PDF,1,,0,false,,,false,,45,detailed,"agency=Department of War(+5) | aerial near-miss debrief(+15) | 1p: very short, quick to process(+10) | recent incident (2020)(+15)",
dow-uap-d56-range-fouler-debrief-arabian-sea-august-2020.pdf,Department of War,5/8/26,8/24/20,Arabian Sea,PDF,1,,0,false,,,false,,45,detailed,"agency=Department of War(+5) | aerial near-miss debrief(+15) | 1p: very short, quick to process(+10) | recent incident (2020)(+15)",
dow-uap-d58-range-fouler-debrief-na-october-2020.pdf,Department of War,5/8/26,10/27/20,N/A,PDF,1,,0,false,,,false,,45,detailed,"agency=Department of War(+5) | aerial near-miss debrief(+15) | 1p: very short, quick to process(+10) | recent incident (2020)(+15)",
dow-uap-d4-mission-report-arabian-gulf-2020.pdf,Department of War,5/8/26,N/A,N/A,PDF,5,,0,false,,,false,,40,detailed,"agency=Department of War(+5) | specific mission report(+10) | 5p: very short, quick to process(+10) | recent incident (2020)(+15)",
dow-uap-d57-mission-report-gulf-of-aden-september-2020.pdf,Department of War,5/8/26,9/4/20,Gulf of Aden,PDF,1,,0,false,,,false,,40,detailed,"agency=Department of War(+5) | specific mission report(+10) | 1p: very short, quick to process(+10) | recent incident (2020)(+15)",
dow-uap-d50-email-correspondence-indopacom-april-2025.pdf,Department of War,5/8/26,4/10/2025-4/11/2025,N/A,PDF,2,,0,false,,,false,,38,detailed,"agency=Department of War(+5) | email correspondence chain(+8) | 2p: very short, quick to process(+10) | recent incident (2025)(+15)",
dow-uap-d52-email-correspondance-na-august-2024.pdf,Department of War,5/8/26,10/31/24,N/A,PDF,2,,0,false,,,false,,38,detailed,"agency=Department of War(+5) | email correspondence chain(+8) | 2p: very short, quick to process(+10) | recent incident (2024)(+15)",
dow-uap-d10-mission-report-middle-east-may-2022.pdf,Department of War,5/8/26,5/6/22,Iraq,PDF,6,,0,false,,,false,,35,detailed,agency=Department of War(+5) | specific mission report(+10) | 6p: short document(+5) | recent incident (2022)(+15),
dow-uap-d12-mission-report-iraq-may-2022.pdf,Department of War,5/8/26,5/20/22,Iraq,PDF,6,,0,false,,,false,,35,detailed,agency=Department of War(+5) | specific mission report(+10) | 6p: short document(+5) | recent incident (2022)(+15),
dow-uap-d14-mission-report-iraq-may-2022.pdf,Department of War,5/8/26,5/29/22,Syria,PDF,9,,0,false,,,false,,35,detailed,agency=Department of War(+5) | specific mission report(+10) | 9p: short document(+5) | recent incident (2022)(+15),
dow-uap-d16-mission-report-syria-july-2022.pdf,Department of War,5/8/26,7/31/22,Syria,PDF,7,,0,false,,,false,,35,detailed,agency=Department of War(+5) | specific mission report(+10) | 7p: short document(+5) | recent incident (2022)(+15),
dow-uap-d18-mission-report-iraq-december-2022.pdf,Department of War,5/8/26,12/1/22,Iraq,PDF,6,,0,false,,,false,,35,detailed,agency=Department of War(+5) | specific mission report(+10) | 6p: short document(+5) | recent incident (2022)(+15),
dow-uap-d19-mission-report-syria-february-21-2023.pdf,Department of War,5/8/26,2/21/23,Syria,PDF,10,,0,false,,,false,,35,detailed,agency=Department of War(+5) | specific mission report(+10) | 10p: short document(+5) | recent incident (2023)(+15),
dow-uap-d20-mission-report-southern-united-states-2023.pdf,Department of War,5/8/26,3/31/23,Iraq,PDF,6,,0,false,,,false,,35,detailed,agency=Department of War(+5) | specific mission report(+10) | 6p: short document(+5) | recent incident (2023)(+15),
dow-uap-d23-mission-report-united-arab-emirates-october-2023.pdf,Department of War,5/8/26,10/31/23,Arabian Gulf,PDF,9,,0,false,,,false,,35,detailed,agency=Department of War(+5) | specific mission report(+10) | 9p: short document(+5) | recent incident (2023)(+15),
dow-uap-d23-mission-report-united-arab-emirates-october-2023.pdf,Department of War,5/8/26,10/31/23,Arabian Gulf,PDF,9,,0,false,,,false,,35,detailed,agency=Department of War(+5) | specific mission report(+10) | 9p: short document(+5) | recent incident (2023)(+15),
dow-uap-d25-mission-report-greece-january-2024.pdf,Department of War,5/8/26,1/25/24,Mediterranean Sea,PDF,7,,0,false,,,false,,35,detailed,agency=Department of War(+5) | specific mission report(+10) | 7p: short document(+5) | recent incident (2024)(+15),
dow-uap-d27-mission-report-united-arab-emirates-october-2023.pdf,Department of War,5/8/26,6/7/24,Gulf of Oman,PDF,8,,0,false,,,false,,35,detailed,agency=Department of War(+5) | specific mission report(+10) | 8p: short document(+5) | recent incident (2023)(+15),
dow-uap-d28-mission-report-east-china-sea-2024.pdf,Department of War,5/8/26,9/20/24,Iraq,PDF,6,,0,false,,,false,,35,detailed,agency=Department of War(+5) | specific mission report(+10) | 6p: short document(+5) | recent incident (2024)(+15),
dow-uap-d3-mission-report-arabian-gulf-2020.pdf,Department of War,5/8/26,N/A,N/A,PDF,7,,0,false,,,false,,35,detailed,agency=Department of War(+5) | specific mission report(+10) | 7p: short document(+5) | recent incident (2020)(+15),
"dow-uap-d32-mission-report,-syria-october-2024.pdf",Department of War,5/8/26,10/20/24,Syria,PDF,10,,0,false,,,false,,35,detailed,agency=Department of War(+5) | specific mission report(+10) | 10p: short document(+5) | recent incident (2024)(+15),
"dow-uap-d32-mission-report,-syria-october-2024.pdf",Department of War,5/8/26,10/20/24,Syria,PDF,10,,0,false,,,false,,35,detailed,agency=Department of War(+5) | specific mission report(+10) | 10p: short document(+5) | recent incident (2024)(+15),
"dow-uap-d32-mission-report,-syria-october-2024.pdf",Department of War,5/8/26,10/20/24,Syria,PDF,10,,0,false,,,false,,35,detailed,agency=Department of War(+5) | specific mission report(+10) | 10p: short document(+5) | recent incident (2024)(+15),
dow-uap-d33-mission-report-greece-october-2023.pdf,Department of War,5/8/26,10/27/23,Aegean Sea,PDF,7,,0,false,,,false,,35,detailed,agency=Department of War(+5) | specific mission report(+10) | 7p: short document(+5) | recent incident (2023)(+15),
dow-uap-d35-mission-report-greece-october-2023.pdf,Department of War,5/8/26,10/29/23,Aegean Sea,PDF,7,,0,false,,,false,,35,detailed,agency=Department of War(+5) | specific mission report(+10) | 7p: short document(+5) | recent incident (2023)(+15),
dow-uap-d5-mission-report-arabian-gulf-2020.pdf,Department of War,5/8/26,N/A,Mediterranean Sea,PDF,6,,0,false,,,false,,35,detailed,agency=Department of War(+5) | specific mission report(+10) | 6p: short document(+5) | recent incident (2020)(+15),
dow-uap-d55-mission-report-syria-november-2016.pdf,Department of War,5/8/26,11/18/16,Syria,PDF,1,,0,false,,,false,,35,detailed,"agency=Department of War(+5) | specific mission report(+10) | 1p: very short, quick to process(+10) | modern incident (2016)(+10)",
dow-uap-d60-mission-report-persian-gulf-august-2020.pdf,Department of War,5/8/26,8/8/20,Arabian Gulf,PDF,6,,0,false,,,false,,35,detailed,agency=Department of War(+5) | specific mission report(+10) | 6p: short document(+5) | recent incident (2020)(+15),
dow-uap-d61-mission-report-persian-gulf-august-2020.pdf,Department of War,5/8/26,8/27/20,Arabian Gulf,PDF,7,,0,false,,,false,,35,detailed,agency=Department of War(+5) | specific mission report(+10) | 7p: short document(+5) | recent incident (2020)(+15),
dow-uap-d62-mission-report-strait-of-hormuz-september-2020.pdf,Department of War,5/8/26,9/16/20,Strait of Hormuz,PDF,9,,0,false,,,false,,35,detailed,agency=Department of War(+5) | specific mission report(+10) | 9p: short document(+5) | recent incident (2020)(+15),
dow-uap-d63-mission-report-strait-of-hormuz-october-2020.pdf,Department of War,5/8/26,10/1/20,Strait of Hormuz,PDF,8,,0,false,,,false,,35,detailed,agency=Department of War(+5) | specific mission report(+10) | 8p: short document(+5) | recent incident (2020)(+15),
dow-uap-d64-mission-report-iran-november-2020.pdf,Department of War,5/8/26,11/2/20,Iran,PDF,7,,0,false,,,false,,35,detailed,agency=Department of War(+5) | specific mission report(+10) | 7p: short document(+5) | recent incident (2020)(+15),
dow-uap-d65-mission-report-persian-gulf-july-2020.pdf,Department of War,5/8/26,7/16/20,Arabian Gulf,PDF,8,,0,false,,,false,,35,detailed,agency=Department of War(+5) | specific mission report(+10) | 8p: short document(+5) | recent incident (2020)(+15),
dow-uap-d7-mission-report-arabian-gulf-2020.pdf,Department of War,5/8/26,N/A,N/A,PDF,6,,0,false,,,false,,35,detailed,agency=Department of War(+5) | specific mission report(+10) | 6p: short document(+5) | recent incident (2020)(+15),
dow-uap-d74-mission-report-syria-november-2023.pdf,Department of War,5/8/26,11/9/23,Syria,PDF,10,,0,false,,,false,,35,detailed,agency=Department of War(+5) | specific mission report(+10) | 10p: short document(+5) | recent incident (2023)(+15),
dow-uap-d75-mission-report-gulf-of-aden-july-2024.pdf,Department of War,5/8/26,7/14/24,Gulf of Aden,PDF,8,,0,false,,,false,,35,detailed,agency=Department of War(+5) | specific mission report(+10) | 8p: short document(+5) | recent incident (2024)(+15),
dow-uap-d8-mission-report-djibouti-2025.pdf,Department of War,5/8/26,N/A,Mediterranean Sea,PDF,7,,0,false,,,false,,35,detailed,agency=Department of War(+5) | specific mission report(+10) | 7p: short document(+5) | recent incident (2025)(+15),
dow-uap-pr20.pdf,Department of War,5/8/26,N/A,Iraq,PDF,1,,0,false,,,false,,35,detailed,"agency=Department of War(+5) | official press release(+20) | 1p: very short, quick to process(+10)",
fbi-photo-b1.pdf,FBI,5/8/26,Late 2025,Western United States,PDF,1,,0,false,,,false,,35,detailed,"agency=FBI(+10) | 1p: very short, quick to process(+10) | recent incident (2025)(+15)",
fbi-photo-b10.pdf,FBI,5/8/26,Late 2025,Western United States,PDF,1,,0,false,,,false,,35,detailed,"agency=FBI(+10) | 1p: very short, quick to process(+10) | recent incident (2025)(+15)",
fbi-photo-b11.pdf,FBI,5/8/26,Late 2025,Western United States,PDF,1,,0,false,,,false,,35,detailed,"agency=FBI(+10) | 1p: very short, quick to process(+10) | recent incident (2025)(+15)",
fbi-photo-b12.pdf,FBI,5/8/26,Late 2025,Western United States,PDF,1,,0,false,,,false,,35,detailed,"agency=FBI(+10) | 1p: very short, quick to process(+10) | recent incident (2025)(+15)",
fbi-photo-b13.pdf,FBI,5/8/26,Late 2025,Western United States,PDF,1,,0,false,,,false,,35,detailed,"agency=FBI(+10) | 1p: very short, quick to process(+10) | recent incident (2025)(+15)",
fbi-photo-b14.pdf,FBI,5/8/26,Late 2025,Western United States,PDF,1,,0,false,,,false,,35,detailed,"agency=FBI(+10) | 1p: very short, quick to process(+10) | recent incident (2025)(+15)",
fbi-photo-b15.pdf,FBI,5/8/26,Late 2025,Western United States,PDF,1,,0,false,,,false,,35,detailed,"agency=FBI(+10) | 1p: very short, quick to process(+10) | recent incident (2025)(+15)",
fbi-photo-b16.pdf,FBI,5/8/26,Late 2025,Western United States,PDF,1,,0,false,,,false,,35,detailed,"agency=FBI(+10) | 1p: very short, quick to process(+10) | recent incident (2025)(+15)",
fbi-photo-b17.pdf,FBI,5/8/26,Late 2025,Western United States,PDF,1,,0,false,,,false,,35,detailed,"agency=FBI(+10) | 1p: very short, quick to process(+10) | recent incident (2025)(+15)",
fbi-photo-b18.pdf,FBI,5/8/26,Late 2025,Western United States,PDF,1,,0,false,,,false,,35,detailed,"agency=FBI(+10) | 1p: very short, quick to process(+10) | recent incident (2025)(+15)",
fbi-photo-b19.pdf,FBI,5/8/26,Late 2025,Western United States,PDF,1,,0,false,,,false,,35,detailed,"agency=FBI(+10) | 1p: very short, quick to process(+10) | recent incident (2025)(+15)",
fbi-photo-b2.pdf,FBI,5/8/26,Late 2025,Western United States,PDF,1,,0,false,,,false,,35,detailed,"agency=FBI(+10) | 1p: very short, quick to process(+10) | recent incident (2025)(+15)",
fbi-photo-b20.pdf,FBI,5/8/26,Late 2025,Western United States,PDF,1,,0,false,,,false,,35,detailed,"agency=FBI(+10) | 1p: very short, quick to process(+10) | recent incident (2025)(+15)",
fbi-photo-b21.pdf,FBI,5/8/26,Late 2025,Western United States,PDF,1,,0,false,,,false,,35,detailed,"agency=FBI(+10) | 1p: very short, quick to process(+10) | recent incident (2025)(+15)",
fbi-photo-b22.pdf,FBI,5/8/26,Late 2025,Western United States,PDF,1,,0,false,,,false,,35,detailed,"agency=FBI(+10) | 1p: very short, quick to process(+10) | recent incident (2025)(+15)",
fbi-photo-b23.pdf,FBI,5/8/26,Late 2025,Western United States,PDF,1,,0,false,,,false,,35,detailed,"agency=FBI(+10) | 1p: very short, quick to process(+10) | recent incident (2025)(+15)",
fbi-photo-b24.pdf,FBI,5/8/26,Late 2025,Western United States,PDF,1,,0,false,,,false,,35,detailed,"agency=FBI(+10) | 1p: very short, quick to process(+10) | recent incident (2025)(+15)",
fbi-photo-b3.pdf,FBI,5/8/26,Late 2025,Western United States,PDF,1,,0,false,,,false,,35,detailed,"agency=FBI(+10) | 1p: very short, quick to process(+10) | recent incident (2025)(+15)",
fbi-photo-b4.pdf,FBI,5/8/26,Late 2025,Western United States,PDF,1,,0,false,,,false,,35,detailed,"agency=FBI(+10) | 1p: very short, quick to process(+10) | recent incident (2025)(+15)",
fbi-photo-b5.pdf,FBI,5/8/26,Late 2025,Western United States,PDF,1,,0,false,,,false,,35,detailed,"agency=FBI(+10) | 1p: very short, quick to process(+10) | recent incident (2025)(+15)",
fbi-photo-b6.pdf,FBI,5/8/26,Late 2025,Western United States,PDF,1,,0,false,,,false,,35,detailed,"agency=FBI(+10) | 1p: very short, quick to process(+10) | recent incident (2025)(+15)",
fbi-photo-b7.pdf,FBI,5/8/26,Late 2025,Western United States,PDF,1,,0,false,,,false,,35,detailed,"agency=FBI(+10) | 1p: very short, quick to process(+10) | recent incident (2025)(+15)",
fbi-photo-b8.pdf,FBI,5/8/26,Late 2025,Western United States,PDF,1,,0,false,,,false,,35,detailed,"agency=FBI(+10) | 1p: very short, quick to process(+10) | recent incident (2025)(+15)",
fbi-photo-b9.pdf,FBI,5/8/26,Late 2025,Western United States,PDF,1,,0,false,,,false,,35,detailed,"agency=FBI(+10) | 1p: very short, quick to process(+10) | recent incident (2025)(+15)",
dow-uap-d51-email-correspondence-pacific-time-zone-march-2023.pdf,Department of War,5/8/26,3/23/26,Pacific Time Zone,PDF,6,,0,false,,,false,,33,detailed,agency=Department of War(+5) | email correspondence chain(+8) | 6p: short document(+5) | recent incident (2023)(+15),
255_t_763_r1b_transcripts.pdf,NASA,5/8/26,12/5/65,Low Earth Orbit,PDF,4,,0,false,,,false,,32,detailed,"agency=NASA(+10) | verbatim transcript(+12) | 4p: very short, quick to process(+10)",
nasa-uap-d7-skylab-technical-crew-debriefing-1973.pdf,NASA,5/8/26,1973,,PDF,11,,0,false,,,false,,30,detailed,agency=NASA(+10) | crew debrief transcript(+15) | 11p: short document(+5),
331_120752_numeric_files_1944–1945_37153_german_armament_equipment_documents.pdf,Department of War,5/8/26,3/18/45,Germany,PDF,17,,0,false,,,false,,25,detailed,agency=Department of War(+5) | 17p: short document(+5) | recent incident (2075)(+15),
dos-uap-d1-cable-1-papua-new-guinea-january-1985.pdf,Department of State,5/8/26,1/24/85,Papua New Guinea,PDF,3,,0,false,,,false,,25,detailed,"agency=Department of State(+5) | State Dept diplomatic cable(+10) | 3p: very short, quick to process(+10)",
dos-uap-d2-cable-2-kazakhstan-january-1994.pdf,Department of State,5/8/26,1/27/94,Kazakhstan,PDF,3,,0,false,,,false,,25,detailed,"agency=Department of State(+5) | State Dept diplomatic cable(+10) | 3p: very short, quick to process(+10)",
dow-uap-d54-mission-report-mediterranean-sea-na.pdf,Department of War,5/8/26,N/A,Mediterranean Sea,PDF,7,,0,false,,,false,,20,detailed,agency=Department of War(+5) | specific mission report(+10) | 7p: short document(+5),
serial 5 redacted_redacted.pdf,FBI,5/8/26,9/1/23,United States,PDF,2,,0,false,,,false,,20,detailed,"agency=FBI(+10) | 2p: very short, quick to process(+10)",
serial-3_redacted.pdf,FBI,5/8/26,9/1/23,United States,PDF,2,,0,false,,,false,,20,detailed,"agency=FBI(+10) | 2p: very short, quick to process(+10)",
serial-4-redacted_redacted.pdf,FBI,5/8/26,9/1/23,United States,PDF,2,,0,false,,,false,,20,detailed,"agency=FBI(+10) | 2p: very short, quick to process(+10)",
059uap00011.pdf,Department of State,5/8/26,10/28/2001-10/29/2001,Georgia,PDF,5,,0,false,,,false,,15,hold,"agency=Department of State(+5) | 5p: very short, quick to process(+10)",
059uap00012.pdf,Department of State,5/8/26,11/5/04,Turkmenistan,PDF,5,,0,false,,,false,,15,hold,"agency=Department of State(+5) | 5p: very short, quick to process(+10)",
65_hs1-101634279_100-de-18221_serial_844.pdf,FBI,5/8/26,4/17/58,"Detroit, MI",PDF,1,,0,false,,,false,,15,hold,"agency=FBI(+10) | serial (part of large multi-section file)(-5) | 1p: very short, quick to process(+10)",
65_hs1-101634279_100-de-26505.pdf,FBI,5/8/26,11/7/57,Germany,PDF,15,,0,false,,,false,,15,hold,agency=FBI(+10) | 15p: short document(+5),
65_hs1-834228961_62-hq-83894_serial_403.pdf,FBI,5/8/26,N/A,N/A,PDF,3,,0,false,,,false,,15,hold,"agency=FBI(+10) | serial (part of large multi-section file)(-5) | 3p: very short, quick to process(+10)",
059uap00013.pdf,Department of State,5/8/26,9/12/03,Mexico,PDF,7,,0,false,,,false,,10,hold,agency=Department of State(+5) | 7p: short document(+5),
341_110448_records_relating_to_the_collection_and_dissemination_of_intelligence_1948-1955-ts_cont_no.2_2-5300-2-5399.pdf,Department of War,5/8/26,11/8/48,Netherlands,PDF,7,,0,false,,,false,,10,hold,agency=Department of War(+5) | 7p: short document(+5),
341_110677_numerical_file_5-2500.pdf,Department of War,5/8/26,10/14/55,Azerbaijan,PDF,10,,0,false,,,false,,10,hold,agency=Department of War(+5) | 10p: short document(+5),
59_214434_sp_16_7.18.1963.pdf,Department of State,5/8/26,7/18/52,N/A,PDF,6,,0,false,,,false,,10,hold,agency=Department of State(+5) | 6p: short document(+5),
59_214434_sp_16_[7.18.1963].pdf,Department of State,5/8/26,7/18/63,N/A,PDF,6,,0,false,,,false,,10,hold,agency=Department of State(+5) | 6p: short document(+5),
65_hs1-834228961_62-hq-83894_serial_153.pdf,FBI,5/8/26,N/A,N/A,PDF,9,,0,false,,,false,,10,hold,agency=FBI(+10) | serial (part of large multi-section file)(-5) | 9p: short document(+5),
65_hs1-834228961_62-hq-83894_serial_220.pdf,FBI,5/8/26,N/A,N/A,PDF,15,,0,false,,,false,,10,hold,agency=FBI(+10) | serial (part of large multi-section file)(-5) | 15p: short document(+5),
65_hs1-834228961_62-hq-83894_serial_449.pdf,FBI,5/8/26,N/A,N/A,PDF,18,,0,false,,,false,,10,hold,agency=FBI(+10) | serial (part of large multi-section file)(-5) | 18p: short document(+5),
dow-uap-d49-launch-summary-february-2000.pdf,Department of War,5/8/26,2/3/00,N/A,PDF,113,,0,false,,,false,,10,hold,agency=Department of War(+5) | launch incident summary(+10) | 113p: long document(-5),
18_100754_ general 1946-7_vol_2.pdf,Department of War,5/8/26,12/30/47,N/A,PDF,28,,0,false,,,false,,5,hold,agency=Department of War(+5) | 28p: medium length(+0),
18_6369445_general_1948_vol_1.pdf,Department of War,5/8/26,6/15/48,N/A,PDF,28,,0,false,,,false,,5,hold,agency=Department of War(+5) | 28p: medium length(+0),
255_413270_ufo's_and_defense_what_should_we_prepare_for.pdf,NASA,5/8/26,,N/A,PDF,94,,0,false,,,false,,5,hold,agency=NASA(+10) | 94p: long document(-5),
65_hs1-834228961_62-hq-83894_section_10.pdf,FBI,5/8/26,N/A,N/A,PDF,184,68%,165,false,,,false,,5,hold,agency=FBI(+10) | section (part of large multi-section file)(-5) | 184p: long document(-5) | ocr_data_available(+5),high_review_required=94%
65_hs1-834228961_62-hq-83894_serial_438.pdf,FBI,5/8/26,N/A,N/A,PDF,40,,0,false,,,false,,5,hold,agency=FBI(+10) | serial (part of large multi-section file)(-5) | 40p: medium length(+0),
342_hs1-416511228_box186_319.1-flying-discs-1949.pdf,Department of War,5/8/26,1/9/50,N/A,PDF,143,,0,false,,,false,,0,hold,agency=Department of War(+5) | 143p: long document(-5),
38_143685_box7_incident_summaries_101-172.pdf,Department of War,5/8/26,N/A,N/A,PDF,178,,0,false,,,false,,0,hold,agency=Department of War(+5) | 178p: long document(-5),
38_143685_box7_incident_summaries_173-233.pdf,Department of War,5/8/26,N/A,N/A,PDF,144,,0,false,,,false,,0,hold,agency=Department of War(+5) | 144p: long document(-5),
65_hs1-834228961_62-hq-83894_section_1.pdf,FBI,5/8/26,N/A,N/A,PDF,185,,0,false,,,false,,0,hold,agency=FBI(+10) | section (part of large multi-section file)(-5) | 185p: long document(-5),
65_hs1-834228961_62-hq-83894_section_2.pdf,FBI,5/8/26,N/A,N/A,PDF,194,,0,false,,,false,,0,hold,agency=FBI(+10) | section (part of large multi-section file)(-5) | 194p: long document(-5),
65_hs1-834228961_62-hq-83894_section_3.pdf,FBI,5/8/26,N/A,N/A,PDF,190,,0,false,,,false,,0,hold,agency=FBI(+10) | section (part of large multi-section file)(-5) | 190p: long document(-5),
65_hs1-834228961_62-hq-83894_serial_130.pdf,FBI,5/8/26,N/A,N/A,PDF,126,,0,false,,,false,,0,hold,agency=FBI(+10) | serial (part of large multi-section file)(-5) | 126p: long document(-5),
65_hs1-834228961_62-hq-83894_serial_164.pdf,FBI,5/8/26,N/A,N/A,PDF,137,,0,false,,,false,,0,hold,agency=FBI(+10) | serial (part of large multi-section file)(-5) | 137p: long document(-5),
65_hs1-834228961_62-hq-83894_sub_a.pdf,FBI,5/8/26,N/A,N/A,PDF,124,,0,false,,,false,,0,hold,agency=FBI(+10) | sub-file of large case(-5) | 124p: long document(-5),
dow-uap-d48-report-september-1996.pdf,Department of War,5/8/26,9/10/96,N/A,PDF,181,,0,false,,,false,,0,hold,agency=Department of War(+5) | 181p: long document(-5),
38_143685_box7_incident_summaries_1-100.pdf,Department of War,5/8/26,N/A,N/A,PDF,209,,0,false,,,false,,-5,hold,agency=Department of War(+5) | 209p: very long document(-10),
65_hs1-834228961_62-hq-83894_section_4.pdf,FBI,5/8/26,N/A,N/A,PDF,214,,0,false,,,false,,-5,hold,agency=FBI(+10) | section (part of large multi-section file)(-5) | 214p: very long document(-10),
65_hs1-834228961_62-hq-83894_section_5.pdf,FBI,5/8/26,N/A,N/A,PDF,209,,0,false,,,false,,-5,hold,agency=FBI(+10) | section (part of large multi-section file)(-5) | 209p: very long document(-10),
65_hs1-834228961_62-hq-83894_section_6.pdf,FBI,5/8/26,N/A,N/A,PDF,271,,0,false,,,false,,-5,hold,agency=FBI(+10) | section (part of large multi-section file)(-5) | 271p: very long document(-10),
65_hs1-834228961_62-hq-83894_section_7.pdf,FBI,5/8/26,N/A,N/A,PDF,205,,0,false,,,false,,-5,hold,agency=FBI(+10) | section (part of large multi-section file)(-5) | 205p: very long document(-10),
65_hs1-834228961_62-hq-83894_section_8.pdf,FBI,5/8/26,N/A,N/A,PDF,217,,0,false,,,false,,-5,hold,agency=FBI(+10) | section (part of large multi-section file)(-5) | 217p: very long document(-10),
65_hs1-834228961_62-hq-83894_section_9.pdf,FBI,5/8/26,N/A,N/A,PDF,290,,0,false,,,false,,-5,hold,agency=FBI(+10) | section (part of large multi-section file)(-5) | 290p: very long document(-10),
