file_name,agency,release_date,incident_date,incident_location,file_type,source_url,download_url,downloaded,downloaded_at,notes,content_category,media_available,ocr_status,article_priority,reader_interest,risk_level,note_series,download_scope,human_review_required
65_hs1-834228961_62-hq-83894_section_10.pdf,FBI,5/8/26,N/A,N/A,PDF,https://www.war.gov/UFO/,https://www.war.gov/medialink/ufo/release_1/65_hs1-834228961_62-hq-83894_section_10.pdf,true,2026-05-28 14:51:39 JST,,unclassified,pdf,unknown,unreviewed,unreviewed,unreviewed,unassigned,candidate,true
65_hs1-834228961_62-hq-83894_section_2.pdf,FBI,5/8/26,N/A,N/A,PDF,https://www.war.gov/UFO/,https://www.war.gov/medialink/ufo/release_1/65_hs1-834228961_62-hq-83894_section_2.pdf,true,2026-05-28 14:51:39 JST,,unclassified,pdf,unknown,unreviewed,unreviewed,unreviewed,unassigned,candidate,true
65_hs1-834228961_62-hq-83894_section_3.pdf,FBI,5/8/26,N/A,N/A,PDF,https://www.war.gov/UFO/,https://www.war.gov/medialink/ufo/release_1/65_hs1-834228961_62-hq-83894_section_3.pdf,true,2026-05-28 14:51:39 JST,,unclassified,pdf,unknown,unreviewed,unreviewed,unreviewed,unassigned,candidate,true
65_hs1-834228961_62-hq-83894_section_4.pdf,FBI,5/8/26,N/A,N/A,PDF,https://www.war.gov/UFO/,https://www.war.gov/medialink/ufo/release_1/65_hs1-834228961_62-hq-83894_section_4.pdf,true,2026-05-28 14:51:39 JST,,unclassified,pdf,unknown,unreviewed,unreviewed,unreviewed,unassigned,candidate,true
65_hs1-834228961_62-hq-83894_section_5.pdf,FBI,5/8/26,N/A,N/A,PDF,https://www.war.gov/UFO/,https://www.war.gov/medialink/ufo/release_1/65_hs1-834228961_62-hq-83894_section_5.pdf,true,2026-05-28 14:51:39 JST,,unclassified,pdf,unknown,unreviewed,unreviewed,unreviewed,unassigned,candidate,true
65_hs1-834228961_62-hq-83894_section_6.pdf,FBI,5/8/26,N/A,N/A,PDF,https://www.war.gov/UFO/,https://www.war.gov/medialink/ufo/release_1/65_hs1-834228961_62-hq-83894_section_6.pdf,true,2026-05-28 14:51:39 JST,,unclassified,pdf,unknown,unreviewed,unreviewed,unreviewed,unassigned,candidate,true
65_hs1-834228961_62-hq-83894_section_7.pdf,FBI,5/8/26,N/A,N/A,PDF,https://www.war.gov/UFO/,https://www.war.gov/medialink/ufo/release_1/65_hs1-834228961_62-hq-83894_section_7.pdf,true,2026-05-28 14:51:39 JST,,unclassified,pdf,unknown,unreviewed,unreviewed,unreviewed,unassigned,candidate,true
65_hs1-834228961_62-hq-83894_section_9.pdf,FBI,5/8/26,N/A,N/A,PDF,https://www.war.gov/UFO/,https://www.war.gov/medialink/ufo/release_1/65_hs1-834228961_62-hq-83894_section_9.pdf,true,2026-05-28 14:51:39 JST,,unclassified,pdf,unknown,unreviewed,unreviewed,unreviewed,unassigned,candidate,true
65_hs1-834228961_62-hq-83894_serial_130.pdf,FBI,5/8/26,N/A,N/A,PDF,https://www.war.gov/UFO/,https://www.war.gov/medialink/ufo/release_1/65_hs1-834228961_62-hq-83894_serial_130.pdf,true,2026-05-28 14:51:39 JST,,unclassified,pdf,unknown,unreviewed,unreviewed,unreviewed,unassigned,candidate,true
65_hs1-834228961_62-hq-83894_serial_153.pdf,FBI,5/8/26,N/A,N/A,PDF,https://www.war.gov/UFO/,https://www.war.gov/medialink/ufo/release_1/65_hs1-834228961_62-hq-83894_serial_153.pdf,true,2026-05-28 14:51:39 JST,,unclassified,pdf,unknown,unreviewed,unreviewed,unreviewed,unassigned,candidate,true
65_hs1-834228961_62-hq-83894_serial_164.pdf,FBI,5/8/26,N/A,N/A,PDF,https://www.war.gov/UFO/,https://www.war.gov/medialink/ufo/release_1/65_hs1-834228961_62-hq-83894_serial_164.pdf,true,2026-05-28 14:51:39 JST,,unclassified,pdf,unknown,unreviewed,unreviewed,unreviewed,unassigned,candidate,true
65_hs1-834228961_62-hq-83894_serial_220.pdf,FBI,5/8/26,N/A,N/A,PDF,https://www.war.gov/UFO/,https://www.war.gov/medialink/ufo/release_1/65_hs1-834228961_62-hq-83894_serial_220.pdf,true,2026-05-28 14:51:39 JST,,unclassified,pdf,unknown,unreviewed,unreviewed,unreviewed,unassigned,candidate,true
65_hs1-834228961_62-hq-83894_serial_403.pdf,FBI,5/8/26,N/A,N/A,PDF,https://www.war.gov/UFO/,https://www.war.gov/medialink/ufo/release_1/65_hs1-834228961_62-hq-83894_serial_403.pdf,true,2026-05-28 14:51:39 JST,,unclassified,pdf,unknown,unreviewed,unreviewed,unreviewed,unassigned,candidate,true
65_hs1-834228961_62-hq-83894_serial_438.pdf,FBI,5/8/26,N/A,N/A,PDF,https://www.war.gov/UFO/,https://www.war.gov/medialink/ufo/release_1/65_hs1-834228961_62-hq-83894_serial_438.pdf,true,2026-05-28 14:51:39 JST,,unclassified,pdf,unknown,unreviewed,unreviewed,unreviewed,unassigned,candidate,true
65_hs1-834228961_62-hq-83894_serial_449.pdf,FBI,5/8/26,N/A,N/A,PDF,https://www.war.gov/UFO/,https://www.war.gov/medialink/ufo/release_1/65_hs1-834228961_62-hq-83894_serial_449.pdf,true,2026-05-28 14:51:39 JST,,unclassified,pdf,unknown,unreviewed,unreviewed,unreviewed,unassigned,candidate,true
65_hs1-834228961_62-hq-83894_sub_a.pdf,FBI,5/8/26,N/A,N/A,PDF,https://www.war.gov/UFO/,https://www.war.gov/medialink/ufo/release_1/65_hs1-834228961_62-hq-83894_sub_a.pdf,true,2026-05-28 14:51:39 JST,,unclassified,pdf,unknown,unreviewed,unreviewed,unreviewed,unassigned,candidate,true
18_100754_ general 1946-7_vol_2.pdf,Department of War,5/8/26,12/30/47,N/A,PDF,https://www.war.gov/UFO/,https://www.war.gov/medialink/ufo/release_1/18_100754_ general 1946-7_vol_2.pdf,true,2026-05-28 14:51:39 JST,,unclassified,pdf,unknown,unreviewed,unreviewed,unreviewed,unassigned,candidate,true
18_6369445_general_1948_vol_1.pdf,Department of War,5/8/26,6/15/48,N/A,PDF,https://www.war.gov/UFO/,https://www.war.gov/medialink/ufo/release_1/18_6369445_general_1948_vol_1.pdf,true,2026-05-28 14:51:39 JST,,unclassified,pdf,unknown,unreviewed,unreviewed,unreviewed,unassigned,candidate,true
255_413270_ufo's_and_defense_what_should_we_prepare_for.pdf,NASA,5/8/26,,N/A,PDF,https://www.war.gov/UFO/,https://www.war.gov/medialink/ufo/release_1/255_413270_ufo's_and_defense_what_should_we_prepare_for.pdf,true,2026-05-28 14:51:39 JST,,unclassified,pdf,unknown,unreviewed,unreviewed,unreviewed,unassigned,candidate,true
255_t_763_r1b_transcripts.pdf,NASA,5/8/26,12/5/65,Low Earth Orbit,PDF,https://www.war.gov/UFO/,https://www.war.gov/medialink/ufo/release_1/255_t_763_r1b_transcripts.pdf,true,2026-05-28 14:51:39 JST,,unclassified,pdf,unknown,unreviewed,unreviewed,unreviewed,unassigned,candidate,true
"NASA-UAP-D3A, Gemini 7 Audio Excerpt, 1965.vid",NASA,5/8/26,12/5/65,Low Earth Orbit,VID,https://www.war.gov/UFO/,,false,,,unclassified,video,not_applicable_video,unreviewed,unreviewed,unreviewed,unassigned,metadata_only,true
331_120752_numeric_files_1944–1945_37153_german_armament_equipment_documents.pdf,Department of War,5/8/26,3/18/45,Germany,PDF,https://www.war.gov/UFO/,https://www.war.gov/medialink/ufo/release_1/331_120752_numeric_files_1944–1945_37153_german_armament_equipment_documents.pdf,true,2026-05-28 14:51:39 JST,,unclassified,pdf,unknown,unreviewed,unreviewed,unreviewed,unassigned,candidate,true
341_110448_records_relating_to_the_collection_and_dissemination_of_intelligence_1948-1955-ts_cont_no.2_2-5300-2-5399.pdf,Department of War,5/8/26,11/8/48,Netherlands,PDF,https://www.war.gov/UFO/,https://www.war.gov/medialink/ufo/release_1/341_110448_records_relating_to_the_collection_and_dissemination_of_intelligence_1948-1955-ts_cont_no.2_2-5300-2-5399.pdf,true,2026-05-28 14:51:39 JST,,unclassified,pdf,unknown,unreviewed,unreviewed,unreviewed,unassigned,candidate,true
341_110677_numerical_file_5-2500.pdf,Department of War,5/8/26,10/14/55,Azerbaijan,PDF,https://www.war.gov/UFO/,https://www.war.gov/medialink/ufo/release_1/341_110677_numerical_file_5-2500.pdf,true,2026-05-28 14:51:39 JST,,unclassified,pdf,unknown,unreviewed,unreviewed,unreviewed,unassigned,candidate,true
342_hs1-416511228_box186_319.1-flying-discs-1949.pdf,Department of War,5/8/26,1/9/50,N/A,PDF,https://www.war.gov/UFO/,https://www.war.gov/medialink/ufo/release_1/342_hs1-416511228_box186_319.1-flying-discs-1949.pdf,true,2026-05-28 14:51:39 JST,,unclassified,pdf,unknown,unreviewed,unreviewed,unreviewed,unassigned,candidate,true
38_143685_box7_incident_summaries_101-172.pdf,Department of War,5/8/26,N/A,N/A,PDF,https://www.war.gov/UFO/,https://www.war.gov/medialink/ufo/release_1/38_143685_box7_incident_summaries_101-172.pdf,true,2026-05-28 14:51:39 JST,,unclassified,pdf,unknown,unreviewed,unreviewed,unreviewed,unassigned,candidate,true
38_143685_box7_incident_summaries_173-233.pdf,Department of War,5/8/26,N/A,N/A,PDF,https://www.war.gov/UFO/,https://www.war.gov/medialink/ufo/release_1/38_143685_box7_incident_summaries_173-233.pdf,true,2026-05-28 14:51:39 JST,,unclassified,pdf,unknown,unreviewed,unreviewed,unreviewed,unassigned,candidate,true
38_143685_box7_incident_summaries_1-100.pdf,Department of War,5/8/26,N/A,N/A,PDF,https://www.war.gov/UFO/,https://www.war.gov/medialink/ufo/release_1/38_143685_box7_incident_summaries_1-100.pdf,true,2026-05-28 14:51:39 JST,,unclassified,pdf,unknown,unreviewed,unreviewed,unreviewed,unassigned,candidate,true
59_214434_sp_16_[7.18.1963].pdf,Department of State,5/8/26,7/18/63,N/A,PDF,https://www.war.gov/UFO/,https://www.war.gov/medialink/ufo/release_1/59_214434_sp_16_[7.18.1963].pdf,true,2026-05-28 14:51:39 JST,,unclassified,pdf,unknown,unreviewed,unreviewed,unreviewed,unassigned,candidate,true
59_214434_sp_16_7.18.1963.pdf,Department of State,5/8/26,7/18/52,N/A,PDF,https://www.war.gov/UFO/,https://www.war.gov/medialink/ufo/release_1/59_214434_sp_16_7.18.1963.pdf,true,2026-05-28 14:51:39 JST,,unclassified,pdf,unknown,unreviewed,unreviewed,unreviewed,unassigned,candidate,true
65_hs1-101634279_100-de-18221_serial_844.pdf,FBI,5/8/26,4/17/58,"Detroit, MI",PDF,https://www.war.gov/UFO/,https://www.war.gov/medialink/ufo/release_1/65_hs1-101634279_100-de-18221_serial_844.pdf,true,2026-05-28 14:51:39 JST,,unclassified,pdf,unknown,unreviewed,unreviewed,unreviewed,unassigned,candidate,true
65_hs1-101634279_100-de-26505.pdf,FBI,5/8/26,11/7/57,Germany,PDF,https://www.war.gov/UFO/,https://www.war.gov/medialink/ufo/release_1/65_hs1-101634279_100-de-26505.pdf,true,2026-05-28 14:51:39 JST,,unclassified,pdf,unknown,unreviewed,unreviewed,unreviewed,unassigned,candidate,true
65_hs1-834228961_62-hq-83894_section_1.pdf,FBI,5/8/26,N/A,N/A,PDF,https://www.war.gov/UFO/,https://www.war.gov/medialink/ufo/release_1/65_hs1-834228961_62-hq-83894_section_1.pdf,true,2026-05-28 14:51:39 JST,,unclassified,pdf,unknown,unreviewed,unreviewed,unreviewed,unassigned,candidate,true
65_hs1-834228961_62-hq-83894_section_8.pdf,FBI,5/8/26,N/A,N/A,PDF,https://www.war.gov/UFO/,https://www.war.gov/medialink/ufo/release_1/65_hs1-834228961_62-hq-83894_section_8.pdf,true,2026-05-28 14:51:39 JST,,unclassified,pdf,unknown,unreviewed,unreviewed,unreviewed,unassigned,candidate,true
dow-uap-d10-mission-report-middle-east-may-2022.pdf,Department of War,5/8/26,5/6/22,Iraq,PDF,https://www.war.gov/UFO/,https://www.war.gov/medialink/ufo/release_1/dow-uap-d10-mission-report-middle-east-may-2022.pdf,true,2026-05-28 14:51:39 JST,,unclassified,pdf,unknown,unreviewed,unreviewed,unreviewed,unassigned,candidate,true
dow-uap-d12-mission-report-iraq-may-2022.pdf,Department of War,5/8/26,5/20/22,Iraq,PDF,https://www.war.gov/UFO/,https://www.war.gov/medialink/ufo/release_1/dow-uap-d12-mission-report-iraq-may-2022.pdf,true,2026-05-28 14:51:39 JST,,unclassified,pdf,unknown,unreviewed,unreviewed,unreviewed,unassigned,candidate,true
dow-uap-d14-mission-report-iraq-may-2022.pdf,Department of War,5/8/26,5/29/22,Syria,PDF,https://www.war.gov/UFO/,https://www.war.gov/medialink/ufo/release_1/dow-uap-d14-mission-report-iraq-may-2022.pdf,true,2026-05-28 14:51:39 JST,,unclassified,pdf,unknown,unreviewed,unreviewed,unreviewed,unassigned,candidate,true
dow-uap-d16-mission-report-syria-july-2022.pdf,Department of War,5/8/26,7/31/22,Syria,PDF,https://www.war.gov/UFO/,https://www.war.gov/medialink/ufo/release_1/dow-uap-d16-mission-report-syria-july-2022.pdf,true,2026-05-28 14:51:39 JST,,unclassified,pdf,unknown,unreviewed,unreviewed,unreviewed,unassigned,candidate,true
dow-uap-d18-mission-report-iraq-december-2022.pdf,Department of War,5/8/26,12/1/22,Iraq,PDF,https://www.war.gov/UFO/,https://www.war.gov/medialink/ufo/release_1/dow-uap-d18-mission-report-iraq-december-2022.pdf,true,2026-05-28 14:51:39 JST,,unclassified,pdf,unknown,unreviewed,unreviewed,unreviewed,unassigned,candidate,true
dow-uap-d19-mission-report-syria-february-21-2023.pdf,Department of War,5/8/26,2/21/23,Syria,PDF,https://www.war.gov/UFO/,https://www.war.gov/medialink/ufo/release_1/dow-uap-d19-mission-report-syria-february-21-2023.pdf,true,2026-05-28 14:51:39 JST,,unclassified,pdf,unknown,unreviewed,unreviewed,unreviewed,unassigned,candidate,true
dow-uap-d20-mission-report-southern-united-states-2023.pdf,Department of War,5/8/26,3/31/23,Iraq,PDF,https://www.war.gov/UFO/,https://www.war.gov/medialink/ufo/release_1/dow-uap-d20-mission-report-southern-united-states-2023.pdf,true,2026-05-28 14:51:39 JST,,unclassified,pdf,unknown,unreviewed,unreviewed,unreviewed,unassigned,candidate,true
dow-uap-d23-mission-report-united-arab-emirates-october-2023.pdf,Department of War,5/8/26,10/31/23,Arabian Gulf,PDF,https://www.war.gov/UFO/,https://www.war.gov/medialink/ufo/release_1/dow-uap-d23-mission-report-united-arab-emirates-october-2023.pdf,true,2026-05-28 14:51:39 JST,,unclassified,pdf,unknown,unreviewed,unreviewed,unreviewed,unassigned,candidate,true
dow-uap-d23-mission-report-united-arab-emirates-october-2023.pdf,Department of War,5/8/26,10/31/23,Arabian Gulf,PDF,https://www.war.gov/UFO/,https://www.war.gov/medialink/ufo/release_1/dow-uap-d23-mission-report-united-arab-emirates-october-2023.pdf,true,2026-05-28 14:51:39 JST,,unclassified,pdf,unknown,unreviewed,unreviewed,unreviewed,unassigned,candidate,true
dow-uap-d25-mission-report-greece-january-2024.pdf,Department of War,5/8/26,1/25/24,Mediterranean Sea,PDF,https://www.war.gov/UFO/,https://www.war.gov/medialink/ufo/release_1/dow-uap-d25-mission-report-greece-january-2024.pdf,true,2026-05-28 14:51:39 JST,,unclassified,pdf,unknown,unreviewed,unreviewed,unreviewed,unassigned,candidate,true
dow-uap-d27-mission-report-united-arab-emirates-october-2023.pdf,Department of War,5/8/26,6/7/24,Gulf of Oman,PDF,https://www.war.gov/UFO/,https://www.war.gov/medialink/ufo/release_1/dow-uap-d27-mission-report-united-arab-emirates-october-2023.pdf,true,2026-05-28 14:51:39 JST,,unclassified,pdf,unknown,unreviewed,unreviewed,unreviewed,unassigned,candidate,true
dow-uap-d28-mission-report-east-china-sea-2024.pdf,Department of War,5/8/26,9/20/24,Iraq,PDF,https://www.war.gov/UFO/,https://www.war.gov/medialink/ufo/release_1/dow-uap-d28-mission-report-east-china-sea-2024.pdf,true,2026-05-28 14:51:39 JST,,unclassified,pdf,unknown,unreviewed,unreviewed,unreviewed,unassigned,candidate,true
dow-uap-d3-mission-report-arabian-gulf-2020.pdf,Department of War,5/8/26,N/A,N/A,PDF,https://www.war.gov/UFO/,https://www.war.gov/medialink/ufo/release_1/dow-uap-d3-mission-report-arabian-gulf-2020.pdf,true,2026-05-28 14:51:39 JST,,unclassified,pdf,unknown,unreviewed,unreviewed,unreviewed,unassigned,candidate,true
"dow-uap-d32-mission-report,-syria-october-2024.pdf",Department of War,5/8/26,10/20/24,Syria,PDF,https://www.war.gov/UFO/,"https://www.war.gov/medialink/ufo/release_1/dow-uap-d32-mission-report,-syria-october-2024.pdf",true,2026-05-28 14:51:39 JST,,unclassified,pdf,unknown,unreviewed,unreviewed,unreviewed,unassigned,candidate,true
"dow-uap-d32-mission-report,-syria-october-2024.pdf",Department of War,5/8/26,10/20/24,Syria,PDF,https://www.war.gov/UFO/,"https://www.war.gov/medialink/ufo/release_1/dow-uap-d32-mission-report,-syria-october-2024.pdf",true,2026-05-28 14:51:39 JST,,unclassified,pdf,unknown,unreviewed,unreviewed,unreviewed,unassigned,candidate,true
"dow-uap-d32-mission-report,-syria-october-2024.pdf",Department of War,5/8/26,10/20/24,Syria,PDF,https://www.war.gov/UFO/,"https://www.war.gov/medialink/ufo/release_1/dow-uap-d32-mission-report,-syria-october-2024.pdf",true,2026-05-28 14:51:39 JST,,unclassified,pdf,unknown,unreviewed,unreviewed,unreviewed,unassigned,candidate,true
dow-uap-d33-mission-report-greece-october-2023.pdf,Department of War,5/8/26,10/27/23,Aegean Sea,PDF,https://www.war.gov/UFO/,https://www.war.gov/medialink/ufo/release_1/dow-uap-d33-mission-report-greece-october-2023.pdf,true,2026-05-28 14:51:39 JST,,unclassified,pdf,unknown,unreviewed,unreviewed,unreviewed,unassigned,candidate,true
dow-uap-d35-mission-report-greece-october-2023.pdf,Department of War,5/8/26,10/29/23,Aegean Sea,PDF,https://www.war.gov/UFO/,https://www.war.gov/medialink/ufo/release_1/dow-uap-d35-mission-report-greece-october-2023.pdf,true,2026-05-28 14:51:39 JST,,unclassified,pdf,unknown,unreviewed,unreviewed,unreviewed,unassigned,candidate,true
dow-uap-d38-range-fouler-debrief-middle-east-may-2020.pdf,Department of War,5/8/26,5/14/20,Arabian Gulf,PDF,https://www.war.gov/UFO/,https://www.war.gov/medialink/ufo/release_1/dow-uap-d38-range-fouler-debrief-middle-east-may-2020.pdf,true,2026-05-28 14:51:39 JST,,unclassified,pdf,unknown,unreviewed,unreviewed,unreviewed,unassigned,candidate,true
dow-uap-d4-mission-report-arabian-gulf-2020.pdf,Department of War,5/8/26,N/A,N/A,PDF,https://www.war.gov/UFO/,https://www.war.gov/medialink/ufo/release_1/dow-uap-d4-mission-report-arabian-gulf-2020.pdf,true,2026-05-28 14:51:39 JST,,unclassified,pdf,unknown,unreviewed,unreviewed,unreviewed,unassigned,candidate,true
dow-uap-d42-range-fouler-debrief-japan-2023.pdf,Department of War,5/8/26,8/31/20,Arabian Gulf,PDF,https://www.war.gov/UFO/,https://www.war.gov/medialink/ufo/release_1/dow-uap-d42-range-fouler-debrief-japan-2023.pdf,true,2026-05-28 14:51:39 JST,,unclassified,pdf,unknown,unreviewed,unreviewed,unreviewed,unassigned,candidate,true
dow-uap-d44-range-fouler-arabian-sea-october-2020.pdf,Department of War,5/8/26,10/15/20,Arabian Sea,PDF,https://www.war.gov/UFO/,https://www.war.gov/medialink/ufo/release_1/dow-uap-d44-range-fouler-arabian-sea-october-2020.pdf,true,2026-05-28 14:51:39 JST,,unclassified,pdf,unknown,unreviewed,unreviewed,unreviewed,unassigned,candidate,true
dow-uap-d48-report-september-1996.pdf,Department of War,5/8/26,9/10/96,N/A,PDF,https://www.war.gov/UFO/,https://www.war.gov/medialink/ufo/release_1/dow-uap-d48-report-september-1996.pdf,true,2026-05-28 14:51:39 JST,,unclassified,pdf,unknown,unreviewed,unreviewed,unreviewed,unassigned,candidate,true
dow-uap-d49-launch-summary-february-2000.pdf,Department of War,5/8/26,2/3/00,N/A,PDF,https://www.war.gov/UFO/,https://www.war.gov/medialink/ufo/release_1/dow-uap-d49-launch-summary-february-2000.pdf,true,2026-05-28 14:51:39 JST,,unclassified,pdf,unknown,unreviewed,unreviewed,unreviewed,unassigned,candidate,true
dow-uap-d5-mission-report-arabian-gulf-2020.pdf,Department of War,5/8/26,N/A,Mediterranean Sea,PDF,https://www.war.gov/UFO/,https://www.war.gov/medialink/ufo/release_1/dow-uap-d5-mission-report-arabian-gulf-2020.pdf,true,2026-05-28 14:51:39 JST,,unclassified,pdf,unknown,unreviewed,unreviewed,unreviewed,unassigned,candidate,true
dow-uap-d50-email-correspondence-indopacom-april-2025.pdf,Department of War,5/8/26,4/10/2025-4/11/2025,N/A,PDF,https://www.war.gov/UFO/,https://www.war.gov/medialink/ufo/release_1/dow-uap-d50-email-correspondence-indopacom-april-2025.pdf,true,2026-05-28 14:51:39 JST,,unclassified,pdf,unknown,unreviewed,unreviewed,unreviewed,unassigned,candidate,true
dow-uap-d51-email-correspondence-pacific-time-zone-march-2023.pdf,Department of War,5/8/26,3/23/26,Pacific Time Zone,PDF,https://www.war.gov/UFO/,https://www.war.gov/medialink/ufo/release_1/dow-uap-d51-email-correspondence-pacific-time-zone-march-2023.pdf,true,2026-05-28 14:51:39 JST,,unclassified,pdf,unknown,unreviewed,unreviewed,unreviewed,unassigned,candidate,true
dow-uap-d52-email-correspondance-na-august-2024.pdf,Department of War,5/8/26,10/31/24,N/A,PDF,https://www.war.gov/UFO/,https://www.war.gov/medialink/ufo/release_1/dow-uap-d52-email-correspondance-na-august-2024.pdf,true,2026-05-28 14:51:39 JST,,unclassified,pdf,unknown,unreviewed,unreviewed,unreviewed,unassigned,candidate,true
dow-uap-d54-mission-report-mediterranean-sea-na.pdf,Department of War,5/8/26,N/A,Mediterranean Sea,PDF,https://www.war.gov/UFO/,https://www.war.gov/medialink/ufo/release_1/dow-uap-d54-mission-report-mediterranean-sea-na.pdf,true,2026-05-28 14:51:39 JST,,unclassified,pdf,unknown,unreviewed,unreviewed,unreviewed,unassigned,candidate,true
dow-uap-d55-mission-report-syria-november-2016.pdf,Department of War,5/8/26,11/18/16,Syria,PDF,https://www.war.gov/UFO/,https://www.war.gov/medialink/ufo/release_1/dow-uap-d55-mission-report-syria-november-2016.pdf,true,2026-05-28 14:51:39 JST,,unclassified,pdf,unknown,unreviewed,unreviewed,unreviewed,unassigned,candidate,true
dow-uap-d56-range-fouler-debrief-arabian-sea-august-2020.pdf,Department of War,5/8/26,8/24/20,Arabian Sea,PDF,https://www.war.gov/UFO/,https://www.war.gov/medialink/ufo/release_1/dow-uap-d56-range-fouler-debrief-arabian-sea-august-2020.pdf,true,2026-05-28 14:51:39 JST,,unclassified,pdf,unknown,unreviewed,unreviewed,unreviewed,unassigned,candidate,true
dow-uap-d57-mission-report-gulf-of-aden-september-2020.pdf,Department of War,5/8/26,9/4/20,Gulf of Aden,PDF,https://www.war.gov/UFO/,https://www.war.gov/medialink/ufo/release_1/dow-uap-d57-mission-report-gulf-of-aden-september-2020.pdf,true,2026-05-28 14:51:39 JST,,unclassified,pdf,unknown,unreviewed,unreviewed,unreviewed,unassigned,candidate,true
dow-uap-d58-range-fouler-debrief-na-october-2020.pdf,Department of War,5/8/26,10/27/20,N/A,PDF,https://www.war.gov/UFO/,https://www.war.gov/medialink/ufo/release_1/dow-uap-d58-range-fouler-debrief-na-october-2020.pdf,true,2026-05-28 14:51:39 JST,,unclassified,pdf,unknown,unreviewed,unreviewed,unreviewed,unassigned,candidate,true
dow-uap-d6-mission-report-arabian-gulf-2020.pdf,Department of War,5/8/26,N/A,Pacific Ocean,PDF,https://www.war.gov/UFO/,https://www.war.gov/medialink/ufo/release_1/dow-uap-d6-mission-report-arabian-gulf-2020.pdf,true,2026-05-28 14:51:39 JST,,unclassified,pdf,unknown,unreviewed,unreviewed,unreviewed,unassigned,candidate,true
dow-uap-d60-mission-report-persian-gulf-august-2020.pdf,Department of War,5/8/26,8/8/20,Arabian Gulf,PDF,https://www.war.gov/UFO/,https://www.war.gov/medialink/ufo/release_1/dow-uap-d60-mission-report-persian-gulf-august-2020.pdf,true,2026-05-28 14:51:39 JST,,unclassified,pdf,unknown,unreviewed,unreviewed,unreviewed,unassigned,candidate,true
dow-uap-d61-mission-report-persian-gulf-august-2020.pdf,Department of War,5/8/26,8/27/20,Arabian Gulf,PDF,https://www.war.gov/UFO/,https://www.war.gov/medialink/ufo/release_1/dow-uap-d61-mission-report-persian-gulf-august-2020.pdf,true,2026-05-28 14:51:39 JST,,unclassified,pdf,unknown,unreviewed,unreviewed,unreviewed,unassigned,candidate,true
dow-uap-d62-mission-report-strait-of-hormuz-september-2020.pdf,Department of War,5/8/26,9/16/20,Strait of Hormuz,PDF,https://www.war.gov/UFO/,https://www.war.gov/medialink/ufo/release_1/dow-uap-d62-mission-report-strait-of-hormuz-september-2020.pdf,true,2026-05-28 14:51:39 JST,,unclassified,pdf,unknown,unreviewed,unreviewed,unreviewed,unassigned,candidate,true
dow-uap-d63-mission-report-strait-of-hormuz-october-2020.pdf,Department of War,5/8/26,10/1/20,Strait of Hormuz,PDF,https://www.war.gov/UFO/,https://www.war.gov/medialink/ufo/release_1/dow-uap-d63-mission-report-strait-of-hormuz-october-2020.pdf,true,2026-05-28 14:51:39 JST,,unclassified,pdf,unknown,unreviewed,unreviewed,unreviewed,unassigned,candidate,true
dow-uap-d64-mission-report-iran-november-2020.pdf,Department of War,5/8/26,11/2/20,Iran,PDF,https://www.war.gov/UFO/,https://www.war.gov/medialink/ufo/release_1/dow-uap-d64-mission-report-iran-november-2020.pdf,true,2026-05-28 14:51:39 JST,,unclassified,pdf,unknown,unreviewed,unreviewed,unreviewed,unassigned,candidate,true
dow-uap-d65-mission-report-persian-gulf-july-2020.pdf,Department of War,5/8/26,7/16/20,Arabian Gulf,PDF,https://www.war.gov/UFO/,https://www.war.gov/medialink/ufo/release_1/dow-uap-d65-mission-report-persian-gulf-july-2020.pdf,true,2026-05-28 14:51:39 JST,,unclassified,pdf,unknown,unreviewed,unreviewed,unreviewed,unassigned,candidate,true
dow-uap-d7-mission-report-arabian-gulf-2020.pdf,Department of War,5/8/26,N/A,N/A,PDF,https://www.war.gov/UFO/,https://www.war.gov/medialink/ufo/release_1/dow-uap-d7-mission-report-arabian-gulf-2020.pdf,true,2026-05-28 14:51:39 JST,,unclassified,pdf,unknown,unreviewed,unreviewed,unreviewed,unassigned,candidate,true
dow-uap-d74-mission-report-syria-november-2023.pdf,Department of War,5/8/26,11/9/23,Syria,PDF,https://www.war.gov/UFO/,https://www.war.gov/medialink/ufo/release_1/dow-uap-d74-mission-report-syria-november-2023.pdf,true,2026-05-28 14:51:39 JST,,unclassified,pdf,unknown,unreviewed,unreviewed,unreviewed,unassigned,candidate,true
dow-uap-d75-mission-report-gulf-of-aden-july-2024.pdf,Department of War,5/8/26,7/14/24,Gulf of Aden,PDF,https://www.war.gov/UFO/,https://www.war.gov/medialink/ufo/release_1/dow-uap-d75-mission-report-gulf-of-aden-july-2024.pdf,true,2026-05-28 14:51:39 JST,,unclassified,pdf,unknown,unreviewed,unreviewed,unreviewed,unassigned,candidate,true
dow-uap-d8-mission-report-djibouti-2025.pdf,Department of War,5/8/26,N/A,Mediterranean Sea,PDF,https://www.war.gov/UFO/,https://www.war.gov/medialink/ufo/release_1/dow-uap-d8-mission-report-djibouti-2025.pdf,true,2026-05-28 14:51:39 JST,,unclassified,pdf,unknown,unreviewed,unreviewed,unreviewed,unassigned,candidate,true
dow-uap-d10-mission-report-middle-east-may-2022.pdf,Department of War,5/8/26,N/A,Middle East,VID,https://www.war.gov/UFO/,https://www.war.gov/medialink/ufo/release_1/dow-uap-d10-mission-report-middle-east-may-2022.pdf,true,2026-05-28 14:51:39 JST,,unclassified,video,not_applicable_video,unreviewed,unreviewed,unreviewed,unassigned,metadata_only,true
dow-uap-pr20.pdf,Department of War,5/8/26,N/A,Iraq,PDF,https://www.war.gov/UFO/,https://www.war.gov/medialink/ufo/release_1/dow-uap-pr20.pdf,true,2026-05-28 14:51:39 JST,,unclassified,pdf,unknown,unreviewed,unreviewed,unreviewed,unassigned,candidate,true
dow-uap-d14-mission-report-iraq-may-2022.pdf,Department of War,5/8/26,N/A,Iraq,VID,https://www.war.gov/UFO/,https://www.war.gov/medialink/ufo/release_1/dow-uap-d14-mission-report-iraq-may-2022.pdf,true,2026-05-28 14:51:39 JST,,unclassified,video,not_applicable_video,unreviewed,unreviewed,unreviewed,unassigned,metadata_only,true
dow-uap-d16-mission-report-syria-july-2022.pdf,Department of War,5/8/26,N/A,Syria,VID,https://www.war.gov/UFO/,https://www.war.gov/medialink/ufo/release_1/dow-uap-d16-mission-report-syria-july-2022.pdf,true,2026-05-28 14:51:39 JST,,unclassified,video,not_applicable_video,unreviewed,unreviewed,unreviewed,unassigned,metadata_only,true
dow-uap-d18-mission-report-iraq-december-2022.pdf,Department of War,5/8/26,N/A,Iraq,VID,https://www.war.gov/UFO/,https://www.war.gov/medialink/ufo/release_1/dow-uap-d18-mission-report-iraq-december-2022.pdf,true,2026-05-28 14:51:39 JST,,unclassified,video,not_applicable_video,unreviewed,unreviewed,unreviewed,unassigned,metadata_only,true
dow-uap-d23-mission-report-united-arab-emirates-october-2023.pdf,Department of War,5/8/26,N/A,United Arab Emirates,VID,https://www.war.gov/UFO/,https://www.war.gov/medialink/ufo/release_1/dow-uap-d23-mission-report-united-arab-emirates-october-2023.pdf,true,2026-05-28 14:51:39 JST,,unclassified,video,not_applicable_video,unreviewed,unreviewed,unreviewed,unassigned,metadata_only,true
dow-uap-d23-mission-report-united-arab-emirates-october-2023.pdf,Department of War,5/8/26,N/A,United Arab Emirates,VID,https://www.war.gov/UFO/,https://www.war.gov/medialink/ufo/release_1/dow-uap-d23-mission-report-united-arab-emirates-october-2023.pdf,true,2026-05-28 14:51:39 JST,,unclassified,video,not_applicable_video,unreviewed,unreviewed,unreviewed,unassigned,metadata_only,true
"DOW-UAP-PR28, Unresolved UAP Report, Greece, January 2024.vid",Department of War,5/8/26,N/A,Greece,VID,https://www.war.gov/UFO/,,false,,,unclassified,video,not_applicable_video,unreviewed,unreviewed,unreviewed,unassigned,metadata_only,true
"DOW-UAP-PR29, Unresolved UAP Report, United Arab Emirates, June 2024.vid",Department of War,5/8/26,N/A,Gulf of Oman,VID,https://www.war.gov/UFO/,,false,,,unclassified,video,not_applicable_video,unreviewed,unreviewed,unreviewed,unassigned,metadata_only,true
"dow-uap-d32-mission-report,-syria-october-2024.pdf",Department of War,5/8/26,N/A,Syria,VID,https://www.war.gov/UFO/,"https://www.war.gov/medialink/ufo/release_1/dow-uap-d32-mission-report,-syria-october-2024.pdf",true,2026-05-28 14:51:39 JST,,unclassified,video,not_applicable_video,unreviewed,unreviewed,unreviewed,unassigned,metadata_only,true
"dow-uap-d32-mission-report,-syria-october-2024.pdf",Department of War,5/8/26,N/A,Syria,VID,https://www.war.gov/UFO/,"https://www.war.gov/medialink/ufo/release_1/dow-uap-d32-mission-report,-syria-october-2024.pdf",true,2026-05-28 14:51:39 JST,,unclassified,video,not_applicable_video,unreviewed,unreviewed,unreviewed,unassigned,metadata_only,true
"dow-uap-d32-mission-report,-syria-october-2024.pdf",Department of War,5/8/26,N/A,Syria,VID,https://www.war.gov/UFO/,"https://www.war.gov/medialink/ufo/release_1/dow-uap-d32-mission-report,-syria-october-2024.pdf",true,2026-05-28 14:51:39 JST,,unclassified,video,not_applicable_video,unreviewed,unreviewed,unreviewed,unassigned,metadata_only,true
dow-uap-d33-mission-report-greece-october-2023.pdf,Department of War,5/8/26,N/A,Greece,VID,https://www.war.gov/UFO/,https://www.war.gov/medialink/ufo/release_1/dow-uap-d33-mission-report-greece-october-2023.pdf,true,2026-05-28 14:51:39 JST,,unclassified,video,not_applicable_video,unreviewed,unreviewed,unreviewed,unassigned,metadata_only,true
dow-uap-d35-mission-report-greece-october-2023.pdf,Department of War,5/8/26,N/A,Greece,VID,https://www.war.gov/UFO/,https://www.war.gov/medialink/ufo/release_1/dow-uap-d35-mission-report-greece-october-2023.pdf,true,2026-05-28 14:51:39 JST,,unclassified,video,not_applicable_video,unreviewed,unreviewed,unreviewed,unassigned,metadata_only,true
dow-uap-d38-range-fouler-debrief-middle-east-may-2020.pdf,Department of War,5/8/26,N/A,Middle East,VID,https://www.war.gov/UFO/,https://www.war.gov/medialink/ufo/release_1/dow-uap-d38-range-fouler-debrief-middle-east-may-2020.pdf,true,2026-05-28 14:51:39 JST,,unclassified,video,not_applicable_video,unreviewed,unreviewed,unreviewed,unassigned,metadata_only,true
"DOW-UAP-PR37, Unresolved UAP Report, Middle East, 2020.vid",Department of War,5/8/26,N/A,Arabian Gulf,VID,https://www.war.gov/UFO/,,false,,,unclassified,video,not_applicable_video,unreviewed,unreviewed,unreviewed,unassigned,metadata_only,true
"DOW-UAP-PR38, Unresolved UAP Report, Middle East, 2013.vid",Department of War,5/8/26,N/A,Middle East,VID,https://www.war.gov/UFO/,,false,,,unclassified,video,not_applicable_video,unreviewed,unreviewed,unreviewed,unassigned,metadata_only,true
"DOW-UAP-PR39, Unresolved UAP Report, Middle East, 2020.vid",Department of War,5/8/26,N/A,Arabian Gulf,VID,https://www.war.gov/UFO/,,false,,,unclassified,video,not_applicable_video,unreviewed,unreviewed,unreviewed,unassigned,metadata_only,true
"DOW-UAP-PR40, Unresolved UAP Report, Middle East, 2020.vid",Department of War,5/8/26,N/A,Arabian Gulf,VID,https://www.war.gov/UFO/,,false,,,unclassified,video,not_applicable_video,unreviewed,unreviewed,unreviewed,unassigned,metadata_only,true
"DOW-UAP-PR41, Unresolved UAP Report, Middle East, 2020.vid",Department of War,5/8/26,N/A,Arabian Gulf,VID,https://www.war.gov/UFO/,,false,,,unclassified,video,not_applicable_video,unreviewed,unreviewed,unreviewed,unassigned,metadata_only,true
"DOW-UAP-PR42, Unresolved UAP Report, Middle East, 2020.vid",Department of War,5/8/26,N/A,Arabian Gulf,VID,https://www.war.gov/UFO/,,false,,,unclassified,video,not_applicable_video,unreviewed,unreviewed,unreviewed,unassigned,metadata_only,true
"DOW-UAP-PR43, Unresolved UAP Report, Africa, 2025.vid",Department of War,5/8/26,N/A,Djibouti,VID,https://www.war.gov/UFO/,,false,,,unclassified,video,not_applicable_video,unreviewed,unreviewed,unreviewed,unassigned,metadata_only,true
"DOW-UAP-PR44, Unresolved UAP Report, Middle East, 2020.vid",Department of War,5/8/26,N/A,Arabian Gulf,VID,https://www.war.gov/UFO/,,false,,,unclassified,video,not_applicable_video,unreviewed,unreviewed,unreviewed,unassigned,metadata_only,true
"DOW-UAP-PR45, Unresolved UAP Report, Middle East, 2020.vid",Department of War,5/8/26,N/A,Southern United States,VID,https://www.war.gov/UFO/,,false,,,unclassified,video,not_applicable_video,unreviewed,unreviewed,unreviewed,unassigned,metadata_only,true
"DOW-UAP-PR46, Unresolved UAP Report, INDOPACOM, 2024.vid",Department of War,5/8/26,N/A,East China Sea,VID,https://www.war.gov/UFO/,,false,,,unclassified,video,not_applicable_video,unreviewed,unreviewed,unreviewed,unassigned,metadata_only,true
"DOW-UAP-PR47, Unresolved UAP Report, INDOPACOM, 2023.vid",Department of War,5/8/26,N/A,Japan,VID,https://www.war.gov/UFO/,,false,,,unclassified,video,not_applicable_video,unreviewed,unreviewed,unreviewed,unassigned,metadata_only,true
"DOW-UAP-PR48, Unresolved UAP Report, INDOPACOM, 2024.vid",Department of War,5/8/26,N/A,Indo-PACOM,VID,https://www.war.gov/UFO/,,false,,,unclassified,video,not_applicable_video,unreviewed,unreviewed,unreviewed,unassigned,metadata_only,true
"DOW-UAP-PR49, Unresolved UAP Report, Department of the Army, 2026.vid",Department of War,5/8/26,N/A,North America,VID,https://www.war.gov/UFO/,,false,,,unclassified,video,not_applicable_video,unreviewed,unreviewed,unreviewed,unassigned,metadata_only,true
fbi-photo-a1.png,FBI,5/8/26,Late 2025,N/A,IMG,https://www.war.gov/UFO/,https://www.war.gov/medialink/ufo/release_1/fbi-photo-a1.png,false,,,unclassified,image,not_applicable_image,unreviewed,unreviewed,unreviewed,unassigned,candidate,true
fbi-photo-a2.png,FBI,5/8/26,Late 2025,N/A,IMG,https://www.war.gov/UFO/,https://www.war.gov/medialink/ufo/release_1/fbi-photo-a2.png,false,,,unclassified,image,not_applicable_image,unreviewed,unreviewed,unreviewed,unassigned,candidate,true
fbi-photo-a3.png,FBI,5/8/26,Late 2025,N/A,IMG,https://www.war.gov/UFO/,https://www.war.gov/medialink/ufo/release_1/fbi-photo-a3.png,false,,,unclassified,image,not_applicable_image,unreviewed,unreviewed,unreviewed,unassigned,candidate,true
fbi-photo-a4.png,FBI,5/8/26,Late 2025,N/A,IMG,https://www.war.gov/UFO/,https://www.war.gov/medialink/ufo/release_1/fbi-photo-a4.png,false,,,unclassified,image,not_applicable_image,unreviewed,unreviewed,unreviewed,unassigned,candidate,true
fbi-photo-a5.png,FBI,5/8/26,Late 2025,N/A,IMG,https://www.war.gov/UFO/,https://www.war.gov/medialink/ufo/release_1/fbi-photo-a5.png,false,,,unclassified,image,not_applicable_image,unreviewed,unreviewed,unreviewed,unassigned,candidate,true
fbi-photo-a6.png,FBI,5/8/26,Late 2025,N/A,IMG,https://www.war.gov/UFO/,https://www.war.gov/medialink/ufo/release_1/fbi-photo-a6.png,false,,,unclassified,image,not_applicable_image,unreviewed,unreviewed,unreviewed,unassigned,candidate,true
fbi-photo-a7.png,FBI,5/8/26,Late 2025,N/A,IMG,https://www.war.gov/UFO/,https://www.war.gov/medialink/ufo/release_1/fbi-photo-a7.png,false,,,unclassified,image,not_applicable_image,unreviewed,unreviewed,unreviewed,unassigned,candidate,true
fbi-photo-a8.png,FBI,5/8/26,Late 2025,N/A,IMG,https://www.war.gov/UFO/,https://www.war.gov/medialink/ufo/release_1/fbi-photo-a8.png,false,,,unclassified,image,not_applicable_image,unreviewed,unreviewed,unreviewed,unassigned,candidate,true
fbi-photo-b1.pdf,FBI,5/8/26,Late 2025,Western United States,PDF,https://www.war.gov/UFO/,https://www.war.gov/medialink/ufo/release_1/fbi-photo-b1.pdf,true,2026-05-28 14:51:39 JST,,unclassified,pdf,unknown,unreviewed,unreviewed,unreviewed,unassigned,candidate,true
fbi-photo-b10.pdf,FBI,5/8/26,Late 2025,Western United States,PDF,https://www.war.gov/UFO/,https://www.war.gov/medialink/ufo/release_1/fbi-photo-b10.pdf,true,2026-05-28 14:51:39 JST,,unclassified,pdf,unknown,unreviewed,unreviewed,unreviewed,unassigned,candidate,true
fbi-photo-b11.pdf,FBI,5/8/26,Late 2025,Western United States,PDF,https://www.war.gov/UFO/,https://www.war.gov/medialink/ufo/release_1/fbi-photo-b11.pdf,true,2026-05-28 14:51:39 JST,,unclassified,pdf,unknown,unreviewed,unreviewed,unreviewed,unassigned,candidate,true
fbi-photo-b12.pdf,FBI,5/8/26,Late 2025,Western United States,PDF,https://www.war.gov/UFO/,https://www.war.gov/medialink/ufo/release_1/fbi-photo-b12.pdf,true,2026-05-28 14:51:39 JST,,unclassified,pdf,unknown,unreviewed,unreviewed,unreviewed,unassigned,candidate,true
fbi-photo-b13.pdf,FBI,5/8/26,Late 2025,Western United States,PDF,https://www.war.gov/UFO/,https://www.war.gov/medialink/ufo/release_1/fbi-photo-b13.pdf,true,2026-05-28 14:51:39 JST,,unclassified,pdf,unknown,unreviewed,unreviewed,unreviewed,unassigned,candidate,true
fbi-photo-b14.pdf,FBI,5/8/26,Late 2025,Western United States,PDF,https://www.war.gov/UFO/,https://www.war.gov/medialink/ufo/release_1/fbi-photo-b14.pdf,true,2026-05-28 14:51:39 JST,,unclassified,pdf,unknown,unreviewed,unreviewed,unreviewed,unassigned,candidate,true
fbi-photo-b15.pdf,FBI,5/8/26,Late 2025,Western United States,PDF,https://www.war.gov/UFO/,https://www.war.gov/medialink/ufo/release_1/fbi-photo-b15.pdf,true,2026-05-28 14:51:39 JST,,unclassified,pdf,unknown,unreviewed,unreviewed,unreviewed,unassigned,candidate,true
fbi-photo-b16.pdf,FBI,5/8/26,Late 2025,Western United States,PDF,https://www.war.gov/UFO/,https://www.war.gov/medialink/ufo/release_1/fbi-photo-b16.pdf,true,2026-05-28 14:51:39 JST,,unclassified,pdf,unknown,unreviewed,unreviewed,unreviewed,unassigned,candidate,true
fbi-photo-b17.pdf,FBI,5/8/26,Late 2025,Western United States,PDF,https://www.war.gov/UFO/,https://www.war.gov/medialink/ufo/release_1/fbi-photo-b17.pdf,true,2026-05-28 14:51:39 JST,,unclassified,pdf,unknown,unreviewed,unreviewed,unreviewed,unassigned,candidate,true
fbi-photo-b18.pdf,FBI,5/8/26,Late 2025,Western United States,PDF,https://www.war.gov/UFO/,https://www.war.gov/medialink/ufo/release_1/fbi-photo-b18.pdf,true,2026-05-28 14:51:39 JST,,unclassified,pdf,unknown,unreviewed,unreviewed,unreviewed,unassigned,candidate,true
fbi-photo-b19.pdf,FBI,5/8/26,Late 2025,Western United States,PDF,https://www.war.gov/UFO/,https://www.war.gov/medialink/ufo/release_1/fbi-photo-b19.pdf,true,2026-05-28 14:51:39 JST,,unclassified,pdf,unknown,unreviewed,unreviewed,unreviewed,unassigned,candidate,true
fbi-photo-b2.pdf,FBI,5/8/26,Late 2025,Western United States,PDF,https://www.war.gov/UFO/,https://www.war.gov/medialink/ufo/release_1/fbi-photo-b2.pdf,true,2026-05-28 14:51:39 JST,,unclassified,pdf,unknown,unreviewed,unreviewed,unreviewed,unassigned,candidate,true
fbi-photo-b20.pdf,FBI,5/8/26,Late 2025,Western United States,PDF,https://www.war.gov/UFO/,https://www.war.gov/medialink/ufo/release_1/fbi-photo-b20.pdf,true,2026-05-28 14:51:39 JST,,unclassified,pdf,unknown,unreviewed,unreviewed,unreviewed,unassigned,candidate,true
fbi-photo-b21.pdf,FBI,5/8/26,Late 2025,Western United States,PDF,https://www.war.gov/UFO/,https://www.war.gov/medialink/ufo/release_1/fbi-photo-b21.pdf,true,2026-05-28 14:51:39 JST,,unclassified,pdf,unknown,unreviewed,unreviewed,unreviewed,unassigned,candidate,true
fbi-photo-b22.pdf,FBI,5/8/26,Late 2025,Western United States,PDF,https://www.war.gov/UFO/,https://www.war.gov/medialink/ufo/release_1/fbi-photo-b22.pdf,true,2026-05-28 14:51:39 JST,,unclassified,pdf,unknown,unreviewed,unreviewed,unreviewed,unassigned,candidate,true
fbi-photo-b23.pdf,FBI,5/8/26,Late 2025,Western United States,PDF,https://www.war.gov/UFO/,https://www.war.gov/medialink/ufo/release_1/fbi-photo-b23.pdf,true,2026-05-28 14:51:39 JST,,unclassified,pdf,unknown,unreviewed,unreviewed,unreviewed,unassigned,candidate,true
fbi-photo-b24.pdf,FBI,5/8/26,Late 2025,Western United States,PDF,https://www.war.gov/UFO/,https://www.war.gov/medialink/ufo/release_1/fbi-photo-b24.pdf,true,2026-05-28 14:51:39 JST,,unclassified,pdf,unknown,unreviewed,unreviewed,unreviewed,unassigned,candidate,true
fbi-photo-b3.pdf,FBI,5/8/26,Late 2025,Western United States,PDF,https://www.war.gov/UFO/,https://www.war.gov/medialink/ufo/release_1/fbi-photo-b3.pdf,true,2026-05-28 14:51:39 JST,,unclassified,pdf,unknown,unreviewed,unreviewed,unreviewed,unassigned,candidate,true
fbi-photo-b4.pdf,FBI,5/8/26,Late 2025,Western United States,PDF,https://www.war.gov/UFO/,https://www.war.gov/medialink/ufo/release_1/fbi-photo-b4.pdf,true,2026-05-28 14:51:39 JST,,unclassified,pdf,unknown,unreviewed,unreviewed,unreviewed,unassigned,candidate,true
fbi-photo-b5.pdf,FBI,5/8/26,Late 2025,Western United States,PDF,https://www.war.gov/UFO/,https://www.war.gov/medialink/ufo/release_1/fbi-photo-b5.pdf,true,2026-05-28 14:51:39 JST,,unclassified,pdf,unknown,unreviewed,unreviewed,unreviewed,unassigned,candidate,true
fbi-photo-b6.pdf,FBI,5/8/26,Late 2025,Western United States,PDF,https://www.war.gov/UFO/,https://www.war.gov/medialink/ufo/release_1/fbi-photo-b6.pdf,true,2026-05-28 14:51:39 JST,,unclassified,pdf,unknown,unreviewed,unreviewed,unreviewed,unassigned,candidate,true
fbi-photo-b7.pdf,FBI,5/8/26,Late 2025,Western United States,PDF,https://www.war.gov/UFO/,https://www.war.gov/medialink/ufo/release_1/fbi-photo-b7.pdf,true,2026-05-28 14:51:39 JST,,unclassified,pdf,unknown,unreviewed,unreviewed,unreviewed,unassigned,candidate,true
fbi-photo-b8.pdf,FBI,5/8/26,Late 2025,Western United States,PDF,https://www.war.gov/UFO/,https://www.war.gov/medialink/ufo/release_1/fbi-photo-b8.pdf,true,2026-05-28 14:51:39 JST,,unclassified,pdf,unknown,unreviewed,unreviewed,unreviewed,unassigned,candidate,true
fbi-photo-b9.pdf,FBI,5/8/26,Late 2025,Western United States,PDF,https://www.war.gov/UFO/,https://www.war.gov/medialink/ufo/release_1/fbi-photo-b9.pdf,true,2026-05-28 14:51:39 JST,,unclassified,pdf,unknown,unreviewed,unreviewed,unreviewed,unassigned,candidate,true
nasa-uap-d1-apollo-12-transcript-1969.pdf,NASA,5/8/26,1969,Moon,PDF,https://www.war.gov/UFO/,https://www.war.gov/medialink/ufo/release_1/nasa-uap-d1-apollo-12-transcript-1969.pdf,true,2026-05-28 14:51:39 JST,,unclassified,pdf,unknown,unreviewed,unreviewed,unreviewed,unassigned,candidate,true
nasa-uap-d2-apollo-17-transcript-1972.pdf,NASA,5/8/26,1972,Moon,PDF,https://www.war.gov/UFO/,https://www.war.gov/medialink/ufo/release_1/nasa-uap-d2-apollo-17-transcript-1972.pdf,true,2026-05-28 14:51:39 JST,,unclassified,pdf,unknown,unreviewed,unreviewed,unreviewed,unassigned,candidate,true
nasa-uap-d4-apollo-11-technical-crew-debriefing-1969.pdf,NASA,5/8/26,1969,,PDF,https://www.war.gov/UFO/,https://www.war.gov/medialink/ufo/release_1/nasa-uap-d4-apollo-11-technical-crew-debriefing-1969.pdf,true,2026-05-28 14:51:39 JST,,unclassified,pdf,unknown,unreviewed,unreviewed,unreviewed,unassigned,candidate,true
nasa-uap-d5-apollo-17-crew-debriefing-for-science-1973.pdf,NASA,5/8/26,1973,,PDF,https://www.war.gov/UFO/,https://www.war.gov/medialink/ufo/release_1/nasa-uap-d5-apollo-17-crew-debriefing-for-science-1973.pdf,true,2026-05-28 14:51:39 JST,,unclassified,pdf,unknown,unreviewed,unreviewed,unreviewed,unassigned,candidate,true
nasa-uap-d6-apollo-17-technical-crew-debriefing-1973.pdf,NASA,5/8/26,1973,,PDF,https://www.war.gov/UFO/,https://www.war.gov/medialink/ufo/release_1/nasa-uap-d6-apollo-17-technical-crew-debriefing-1973.pdf,true,2026-05-28 14:51:39 JST,,unclassified,pdf,unknown,unreviewed,unreviewed,unreviewed,unassigned,candidate,true
nasa-uap-d7-skylab-technical-crew-debriefing-1973.pdf,NASA,5/8/26,1973,,PDF,https://www.war.gov/UFO/,https://www.war.gov/medialink/ufo/release_1/nasa-uap-d7-skylab-technical-crew-debriefing-1973.pdf,true,2026-05-28 14:51:39 JST,,unclassified,pdf,unknown,unreviewed,unreviewed,unreviewed,unassigned,candidate,true
nasa-uap-vm1-apollo-12-1969.jpg,NASA,5/8/26,1969,Moon,IMG,https://www.war.gov/UFO/,https://www.war.gov/medialink/ufo/release_1/nasa-uap-vm1-apollo-12-1969.jpg,false,,,unclassified,image,not_applicable_image,unreviewed,unreviewed,unreviewed,unassigned,candidate,true
nasa-uap-vm2-apollo-12-1969.jpg,NASA,5/8/26,1969,Moon,IMG,https://www.war.gov/UFO/,https://www.war.gov/medialink/ufo/release_1/nasa-uap-vm2-apollo-12-1969.jpg,false,,,unclassified,image,not_applicable_image,unreviewed,unreviewed,unreviewed,unassigned,candidate,true
nasa-uap-vm3-apollo-12-1969.jpg,NASA,5/8/26,1969,Moon,IMG,https://www.war.gov/UFO/,https://www.war.gov/medialink/ufo/release_1/nasa-uap-vm3-apollo-12-1969.jpg,false,,,unclassified,image,not_applicable_image,unreviewed,unreviewed,unreviewed,unassigned,candidate,true
nasa-uap-vm4-apollo-12-1969.jpg,NASA,5/8/26,1969,Moon,IMG,https://www.war.gov/UFO/,https://www.war.gov/medialink/ufo/release_1/nasa-uap-vm4-apollo-12-1969.jpg,false,,,unclassified,image,not_applicable_image,unreviewed,unreviewed,unreviewed,unassigned,candidate,true
nasa-uap-vm5-apollo-12-1969.jpg,NASA,5/8/26,1969,Moon,IMG,https://www.war.gov/UFO/,https://www.war.gov/medialink/ufo/release_1/nasa-uap-vm5-apollo-12-1969.jpg,false,,,unclassified,image,not_applicable_image,unreviewed,unreviewed,unreviewed,unassigned,candidate,true
nasa-uap-vm6-apollo-17-1972.jpg,NASA,5/8/26,1972,Moon,IMG,https://www.war.gov/UFO/,https://www.war.gov/medialink/ufo/release_1/nasa-uap-vm6-apollo-17-1972.jpg,false,,,unclassified,image,not_applicable_image,unreviewed,unreviewed,unreviewed,unassigned,candidate,true
dos-uap-d1-cable-1-papua-new-guinea-january-1985.pdf,Department of State,5/8/26,1/24/85,Papua New Guinea,PDF,https://www.war.gov/UFO/,https://www.war.gov/medialink/ufo/release_1/dos-uap-d1-cable-1-papua-new-guinea-january-1985.pdf,true,2026-05-28 14:51:39 JST,,unclassified,pdf,unknown,unreviewed,unreviewed,unreviewed,unassigned,candidate,true
dos-uap-d2-cable-2-kazakhstan-january-1994.pdf,Department of State,5/8/26,1/27/94,Kazakhstan,PDF,https://www.war.gov/UFO/,https://www.war.gov/medialink/ufo/release_1/dos-uap-d2-cable-2-kazakhstan-january-1994.pdf,true,2026-05-28 14:51:39 JST,,unclassified,pdf,unknown,unreviewed,unreviewed,unreviewed,unassigned,candidate,true
059uap00011.pdf,Department of State,5/8/26,10/28/2001-10/29/2001,Georgia,PDF,https://www.war.gov/UFO/,https://www.war.gov/medialink/ufo/release_1/059uap00011.pdf,true,2026-05-28 14:51:39 JST,,unclassified,pdf,unknown,unreviewed,unreviewed,unreviewed,unassigned,candidate,true
059uap00012.pdf,Department of State,5/8/26,11/5/04,Turkmenistan,PDF,https://www.war.gov/UFO/,https://www.war.gov/medialink/ufo/release_1/059uap00012.pdf,true,2026-05-28 14:51:39 JST,,unclassified,pdf,unknown,unreviewed,unreviewed,unreviewed,unassigned,candidate,true
059uap00013.pdf,Department of State,5/8/26,9/12/03,Mexico,PDF,https://www.war.gov/UFO/,https://www.war.gov/medialink/ufo/release_1/059uap00013.pdf,true,2026-05-28 14:51:39 JST,,unclassified,pdf,unknown,unreviewed,unreviewed,unreviewed,unassigned,candidate,true
usper-statement-redacted.pdf,FBI,5/8/26,Late 2025,United States,PDF,https://www.war.gov/UFO/,https://www.war.gov/medialink/ufo/release_1/usper-statement-redacted.pdf,true,2026-05-28 14:51:39 JST,,unclassified,pdf,unknown,unreviewed,unreviewed,unreviewed,unassigned,candidate,true
2024-04-30-composite-sketch.pdf,FBI,5/8/26,9/1/23,United States,PDF,https://www.war.gov/UFO/,https://www.war.gov/medialink/ufo/release_1/2024-04-30-composite-sketch.pdf,true,2026-05-28 14:51:39 JST,,unclassified,pdf,unknown,unreviewed,unreviewed,unreviewed,unassigned,candidate,true
serial 5 redacted_redacted.pdf,FBI,5/8/26,9/1/23,United States,PDF,https://www.war.gov/UFO/,https://www.war.gov/medialink/ufo/release_1/serial 5 redacted_redacted.pdf,true,2026-05-28 14:51:39 JST,,unclassified,pdf,unknown,unreviewed,unreviewed,unreviewed,unassigned,candidate,true
serial-3_redacted.pdf,FBI,5/8/26,9/1/23,United States,PDF,https://www.war.gov/UFO/,https://www.war.gov/medialink/ufo/release_1/serial-3_redacted.pdf,true,2026-05-28 14:51:39 JST,,unclassified,pdf,unknown,unreviewed,unreviewed,unreviewed,unassigned,candidate,true
serial-4-redacted_redacted.pdf,FBI,5/8/26,9/1/23,United States,PDF,https://www.war.gov/UFO/,https://www.war.gov/medialink/ufo/release_1/serial-4-redacted_redacted.pdf,true,2026-05-28 14:51:39 JST,,unclassified,pdf,unknown,unreviewed,unreviewed,unreviewed,unassigned,candidate,true
western_us_event_slides_5.08.2026.pdf,Department of War,5/8/26,2023,Western United States,PDF,https://www.war.gov/UFO/,https://www.war.gov/medialink/ufo/release_1/western_us_event_slides_5.08.2026.pdf,true,2026-05-28 14:51:39 JST,,unclassified,pdf,unknown,unreviewed,unreviewed,unreviewed,unassigned,candidate,true
