pdf_file,page_number,image_file,classification,confidence,ocr_recommended,processing_action,review_required,reason,notes
65_hs1-834228961_62-hq-83894_section_10,1,page_0001.png,mixed_annotation,0.45,conditional,try_ocr,true,"moderate edges on non-white background, possibly mixed content",w=1748 h=2300 edge=0.0760 white=0.1273 dark=0.0563 std=59.56
65_hs1-834228961_62-hq-83894_section_10,2,page_0002.png,mixed_annotation,0.45,conditional,try_ocr,true,"moderate edges on non-white background, possibly mixed content",w=1650 h=2154 edge=0.0964 white=0.0002 dark=0.0492 std=54.22
65_hs1-834228961_62-hq-83894_section_10,3,page_0003.png,mixed_annotation,0.45,conditional,try_ocr,true,"moderate edges on non-white background, possibly mixed content",w=1650 h=2152 edge=0.0932 white=0.0001 dark=0.0506 std=48.59
65_hs1-834228961_62-hq-83894_section_10,4,page_0004.png,mixed_annotation,0.55,conditional,try_ocr,true,"typed text with notable dark regions, possibly stamps or handwritten annotations",w=1647 h=2149 edge=0.0879 white=0.7856 dark=0.0547 std=64.55
65_hs1-834228961_62-hq-83894_section_10,5,page_0005.png,mixed_annotation,0.55,conditional,try_ocr,true,"typed text with notable dark regions, possibly stamps or handwritten annotations",w=2248 h=1756 edge=0.0737 white=0.8020 dark=0.0494 std=57.94
65_hs1-834228961_62-hq-83894_section_10,6,page_0006.png,typed_text,0.45,true,run_ocr,false,"very low edge density but white page, possibly light typed content",w=1647 h=2158 edge=0.0123 white=0.8452 dark=0.0510 std=55.53
65_hs1-834228961_62-hq-83894_section_10,7,page_0007.png,mixed_annotation,0.3,conditional,try_ocr,true,"uncertain features, review recommended",w=1861 h=2832 edge=0.0065 white=0.0000 dark=0.0622 std=45.68
65_hs1-834228961_62-hq-83894_section_10,8,page_0008.png,newspaper_or_print_clipping,0.5,conditional,try_layout_ocr,true,"landscape orientation with text edges, possibly newspaper clipping",w=3457 h=2278 edge=0.1769 white=0.5443 dark=0.0488 std=84.99
65_hs1-834228961_62-hq-83894_section_10,9,page_0009.png,newspaper_or_print_clipping,0.5,conditional,try_layout_ocr,true,"landscape orientation with text edges, possibly newspaper clipping",w=3466 h=2262 edge=0.2299 white=0.6805 dark=0.0412 std=68.13
65_hs1-834228961_62-hq-83894_section_10,10,page_0010.png,newspaper_or_print_clipping,0.5,conditional,try_layout_ocr,true,"landscape orientation with text edges, possibly newspaper clipping",w=3468 h=2258 edge=0.2335 white=0.7298 dark=0.0386 std=69.27
65_hs1-834228961_62-hq-83894_section_10,11,page_0011.png,newspaper_or_print_clipping,0.5,conditional,try_layout_ocr,true,"landscape orientation with text edges, possibly newspaper clipping",w=3476 h=2265 edge=0.2609 white=0.6304 dark=0.0439 std=70.70
65_hs1-834228961_62-hq-83894_section_10,12,page_0012.png,newspaper_or_print_clipping,0.5,conditional,try_layout_ocr,true,"landscape orientation with text edges, possibly newspaper clipping",w=3469 h=2254 edge=0.2527 white=0.6685 dark=0.0366 std=66.65
65_hs1-834228961_62-hq-83894_section_10,13,page_0013.png,newspaper_or_print_clipping,0.5,conditional,try_layout_ocr,true,"landscape orientation with text edges, possibly newspaper clipping",w=3465 h=2253 edge=0.3134 white=0.3569 dark=0.0365 std=71.70
65_hs1-834228961_62-hq-83894_section_10,14,page_0014.png,newspaper_or_print_clipping,0.5,conditional,try_layout_ocr,true,"landscape orientation with text edges, possibly newspaper clipping",w=3469 h=2274 edge=0.2885 white=0.5173 dark=0.0459 std=79.35
65_hs1-834228961_62-hq-83894_section_10,15,page_0015.png,newspaper_or_print_clipping,0.5,conditional,try_layout_ocr,true,"landscape orientation with text edges, possibly newspaper clipping",w=3464 h=2267 edge=0.2800 white=0.5412 dark=0.0427 std=75.95
65_hs1-834228961_62-hq-83894_section_10,16,page_0016.png,newspaper_or_print_clipping,0.5,conditional,try_layout_ocr,true,"landscape orientation with text edges, possibly newspaper clipping",w=541 h=360 edge=0.1831 white=0.0278 dark=0.2926 std=90.52
65_hs1-834228961_62-hq-83894_section_10,17,page_0017.png,image_or_photo,0.65,false,skip_ocr,false,"high tonal variance with low edge density, likely photo or figure",w=539 h=332 edge=0.0621 white=0.1600 dark=0.2352 std=99.04
65_hs1-834228961_62-hq-83894_section_10,18,page_0018.png,mixed_annotation,0.45,conditional,try_ocr,true,"moderate edges on non-white background, possibly mixed content",w=1650 h=2146 edge=0.1308 white=0.6127 dark=0.0500 std=65.51
65_hs1-834228961_62-hq-83894_section_10,19,page_0019.png,mixed_annotation,0.45,conditional,try_ocr,true,"moderate edges on non-white background, possibly mixed content",w=1648 h=2150 edge=0.0459 white=0.5919 dark=0.0512 std=54.97
65_hs1-834228961_62-hq-83894_section_10,20,page_0020.png,mixed_annotation,0.45,conditional,try_ocr,true,"moderate edges on non-white background, possibly mixed content",w=1654 h=2150 edge=0.0902 white=0.0002 dark=0.0581 std=57.04
65_hs1-834228961_62-hq-83894_section_10,21,page_0021.png,mixed_annotation,0.45,conditional,try_ocr,true,"moderate edges on non-white background, possibly mixed content",w=1654 h=2154 edge=0.0783 white=0.0000 dark=0.0610 std=52.12
65_hs1-834228961_62-hq-83894_section_10,22,page_0022.png,mixed_annotation,0.55,conditional,try_ocr,true,"typed text with notable dark regions, possibly stamps or handwritten annotations",w=1064 h=1648 edge=0.1371 white=0.7792 dark=0.0712 std=68.85
65_hs1-834228961_62-hq-83894_section_10,23,page_0023.png,typed_text,0.6,true,run_ocr,false,"moderate edge density on white background, likely typed",w=1064 h=1649 edge=0.0376 white=0.8517 dark=0.0722 std=65.56
65_hs1-834228961_62-hq-83894_section_10,24,page_0024.png,typed_text,0.45,true,run_ocr,false,"very low edge density but white page, possibly light typed content",w=1650 h=2156 edge=0.0166 white=0.8196 dark=0.0509 std=55.56
65_hs1-834228961_62-hq-83894_section_10,25,page_0025.png,mixed_annotation,0.45,conditional,try_ocr,true,"moderate edges on non-white background, possibly mixed content",w=1654 h=2159 edge=0.1311 white=0.5813 dark=0.0516 std=60.04
65_hs1-834228961_62-hq-83894_section_10,26,page_0026.png,mixed_annotation,0.45,conditional,try_ocr,true,"moderate edges on non-white background, possibly mixed content",w=1649 h=2157 edge=0.0213 white=0.6367 dark=0.0514 std=54.64
65_hs1-834228961_62-hq-83894_section_10,27,page_0027.png,typed_text,0.6,true,run_ocr,false,"moderate edge density on white background, likely typed",w=1668 h=2158 edge=0.1468 white=0.6592 dark=0.0497 std=60.25
65_hs1-834228961_62-hq-83894_section_10,28,page_0028.png,mixed_annotation,0.55,conditional,try_ocr,true,"typed text with notable dark regions, possibly stamps or handwritten annotations",w=1666 h=2160 edge=0.0555 white=0.7323 dark=0.0499 std=56.13
65_hs1-834228961_62-hq-83894_section_10,29,page_0029.png,mixed_annotation,0.55,conditional,try_ocr,true,"typed text with notable dark regions, possibly stamps or handwritten annotations",w=1668 h=2156 edge=0.1691 white=0.7313 dark=0.0576 std=65.83
65_hs1-834228961_62-hq-83894_section_10,30,page_0030.png,mixed_annotation,0.55,conditional,try_ocr,true,"typed text with notable dark regions, possibly stamps or handwritten annotations",w=1655 h=2161 edge=0.1562 white=0.7548 dark=0.0531 std=64.48
65_hs1-834228961_62-hq-83894_section_10,31,page_0031.png,typed_text,0.6,true,run_ocr,false,"moderate edge density on white background, likely typed",w=1658 h=2155 edge=0.1088 white=0.6529 dark=0.0582 std=66.19
65_hs1-834228961_62-hq-83894_section_10,32,page_0032.png,mixed_annotation,0.45,conditional,try_ocr,true,"moderate edges on non-white background, possibly mixed content",w=1651 h=2152 edge=0.0311 white=0.5179 dark=0.0512 std=54.53
65_hs1-834228961_62-hq-83894_section_10,33,page_0033.png,mixed_annotation,0.45,conditional,try_ocr,true,"moderate edges on non-white background, possibly mixed content",w=1650 h=2152 edge=0.0935 white=0.0002 dark=0.0532 std=54.78
65_hs1-834228961_62-hq-83894_section_10,34,page_0034.png,mixed_annotation,0.45,conditional,try_ocr,true,"moderate edges on non-white background, possibly mixed content",w=1649 h=2149 edge=0.0845 white=0.0001 dark=0.0540 std=49.16
65_hs1-834228961_62-hq-83894_section_10,35,page_0035.png,mixed_annotation,0.55,conditional,try_ocr,true,"typed text with notable dark regions, possibly stamps or handwritten annotations",w=1648 h=2055 edge=0.0878 white=0.7964 dark=0.0558 std=61.30
65_hs1-834228961_62-hq-83894_section_10,36,page_0036.png,typed_text,0.45,true,run_ocr,false,"very low edge density but white page, possibly light typed content",w=1662 h=2055 edge=0.0195 white=0.6993 dark=0.0664 std=61.85
65_hs1-834228961_62-hq-83894_section_10,37,page_0037.png,mixed_annotation,0.55,conditional,try_ocr,true,"typed text with notable dark regions, possibly stamps or handwritten annotations",w=1655 h=2138 edge=0.0787 white=0.7365 dark=0.0558 std=60.82
65_hs1-834228961_62-hq-83894_section_10,38,page_0038.png,mixed_annotation,0.55,conditional,try_ocr,true,"typed text with notable dark regions, possibly stamps or handwritten annotations",w=1652 h=2157 edge=0.0712 white=0.7450 dark=0.0508 std=57.71
65_hs1-834228961_62-hq-83894_section_10,39,page_0039.png,mixed_annotation,0.45,conditional,try_ocr,true,"moderate edges on non-white background, possibly mixed content",w=1648 h=2158 edge=0.0798 white=0.0012 dark=0.0579 std=56.68
65_hs1-834228961_62-hq-83894_section_10,40,page_0040.png,mixed_annotation,0.45,conditional,try_ocr,true,"moderate edges on non-white background, possibly mixed content",w=1651 h=2154 edge=0.0715 white=0.0005 dark=0.0622 std=53.37
65_hs1-834228961_62-hq-83894_section_10,41,page_0041.png,mixed_annotation,0.45,conditional,try_ocr,true,"moderate edges on non-white background, possibly mixed content",w=1722 h=2864 edge=0.0717 white=0.5810 dark=0.0531 std=56.66
65_hs1-834228961_62-hq-83894_section_10,42,page_0042.png,mixed_annotation,0.45,conditional,try_ocr,true,"moderate edges on non-white background, possibly mixed content",w=1661 h=2142 edge=0.0899 white=0.0002 dark=0.0558 std=54.92
65_hs1-834228961_62-hq-83894_section_10,43,page_0043.png,mixed_annotation,0.45,conditional,try_ocr,true,"moderate edges on non-white background, possibly mixed content",w=1656 h=2140 edge=0.0748 white=0.0001 dark=0.0552 std=49.64
65_hs1-834228961_62-hq-83894_section_10,44,page_0044.png,mixed_annotation,0.45,conditional,try_ocr,true,"moderate edges on non-white background, possibly mixed content",w=1019 h=1690 edge=0.1262 white=0.0083 dark=0.0902 std=71.80
65_hs1-834228961_62-hq-83894_section_10,45,page_0045.png,image_or_photo,0.65,false,skip_ocr,false,"high tonal variance with low edge density, likely photo or figure",w=1020 h=1696 edge=0.0377 white=0.0231 dark=0.0908 std=65.78
65_hs1-834228961_62-hq-83894_section_10,46,page_0046.png,mixed_annotation,0.55,conditional,try_ocr,true,"typed text with notable dark regions, possibly stamps or handwritten annotations",w=1225 h=1632 edge=0.0796 white=0.7407 dark=0.0670 std=64.52
65_hs1-834228961_62-hq-83894_section_10,47,page_0047.png,mixed_annotation,0.3,conditional,try_ocr,true,"uncertain features, review recommended",w=1630 h=1224 edge=0.0153 white=0.3319 dark=0.0659 std=60.23
65_hs1-834228961_62-hq-83894_section_10,48,page_0048.png,mixed_annotation,0.45,conditional,try_ocr,true,"moderate edges on non-white background, possibly mixed content",w=1648 h=2156 edge=0.0211 white=0.6048 dark=0.0533 std=55.26
65_hs1-834228961_62-hq-83894_section_10,49,page_0049.png,mixed_annotation,0.45,conditional,try_ocr,true,"moderate edges on non-white background, possibly mixed content",w=1655 h=2197 edge=0.0969 white=0.0090 dark=0.0651 std=60.45
65_hs1-834228961_62-hq-83894_section_10,50,page_0050.png,mixed_annotation,0.45,conditional,try_ocr,true,"moderate edges on non-white background, possibly mixed content",w=1674 h=2180 edge=0.0294 white=0.2571 dark=0.0692 std=61.14
65_hs1-834228961_62-hq-83894_section_10,51,page_0051.png,mixed_annotation,0.45,conditional,try_ocr,true,"moderate edges on non-white background, possibly mixed content",w=1658 h=2162 edge=0.1256 white=0.0002 dark=0.0594 std=60.27
65_hs1-834228961_62-hq-83894_section_10,52,page_0052.png,mixed_annotation,0.45,conditional,try_ocr,true,"moderate edges on non-white background, possibly mixed content",w=1658 h=2152 edge=0.0894 white=0.0000 dark=0.0576 std=50.09
65_hs1-834228961_62-hq-83894_section_10,53,page_0053.png,mixed_annotation,0.45,conditional,try_ocr,true,"moderate edges on non-white background, possibly mixed content",w=1466 h=1917 edge=0.3234 white=0.0221 dark=0.0346 std=52.01
65_hs1-834228961_62-hq-83894_section_10,54,page_0054.png,mixed_annotation,0.45,conditional,try_ocr,true,"moderate edges on non-white background, possibly mixed content",w=1444 h=1939 edge=0.3174 white=0.0263 dark=0.0242 std=50.93
65_hs1-834228961_62-hq-83894_section_10,55,page_0055.png,mixed_annotation,0.45,conditional,try_ocr,true,"moderate edges on non-white background, possibly mixed content",w=1462 h=1928 edge=0.3286 white=0.0252 dark=0.0239 std=51.01
65_hs1-834228961_62-hq-83894_section_10,56,page_0056.png,mixed_annotation,0.45,conditional,try_ocr,true,"moderate edges on non-white background, possibly mixed content",w=1470 h=1971 edge=0.3132 white=0.0336 dark=0.0153 std=46.84
65_hs1-834228961_62-hq-83894_section_10,57,page_0057.png,mixed_annotation,0.45,conditional,try_ocr,true,"moderate edges on non-white background, possibly mixed content",w=1019 h=1950 edge=0.2641 white=0.1405 dark=0.0197 std=79.83
65_hs1-834228961_62-hq-83894_section_10,58,page_0058.png,mixed_annotation,0.45,conditional,try_ocr,true,"moderate edges on non-white background, possibly mixed content",w=1767 h=2183 edge=0.3410 white=0.0679 dark=0.0799 std=56.11
65_hs1-834228961_62-hq-83894_section_10,59,page_0059.png,mixed_annotation,0.45,conditional,try_ocr,true,"moderate edges on non-white background, possibly mixed content",w=1758 h=2758 edge=0.3529 white=0.0868 dark=0.0743 std=62.91
65_hs1-834228961_62-hq-83894_section_10,60,page_0060.png,mixed_annotation,0.45,conditional,try_ocr,true,"moderate edges on non-white background, possibly mixed content",w=1758 h=2758 edge=0.2789 white=0.2529 dark=0.0725 std=82.63
65_hs1-834228961_62-hq-83894_section_10,61,page_0061.png,mixed_annotation,0.45,conditional,try_ocr,true,"moderate edges on non-white background, possibly mixed content",w=1758 h=2757 edge=0.2780 white=0.2545 dark=0.0769 std=83.95
65_hs1-834228961_62-hq-83894_section_10,62,page_0062.png,mixed_annotation,0.55,conditional,try_ocr,true,"typed text with notable dark regions, possibly stamps or handwritten annotations",w=1653 h=2158 edge=0.0981 white=0.7797 dark=0.0492 std=60.53
65_hs1-834228961_62-hq-83894_section_10,63,page_0063.png,mixed_annotation,0.55,conditional,try_ocr,true,"typed text with notable dark regions, possibly stamps or handwritten annotations",w=1648 h=2153 edge=0.1111 white=0.7588 dark=0.0486 std=59.45
65_hs1-834228961_62-hq-83894_section_10,64,page_0064.png,mixed_annotation,0.55,conditional,try_ocr,true,"typed text with notable dark regions, possibly stamps or handwritten annotations",w=1655 h=2163 edge=0.1111 white=0.7425 dark=0.0489 std=60.30
65_hs1-834228961_62-hq-83894_section_10,65,page_0065.png,mixed_annotation,0.45,conditional,try_ocr,true,"moderate edges on non-white background, possibly mixed content",w=1653 h=2158 edge=0.1612 white=0.0010 dark=0.0521 std=63.06
65_hs1-834228961_62-hq-83894_section_10,66,page_0066.png,mixed_annotation,0.45,conditional,try_ocr,true,"moderate edges on non-white background, possibly mixed content",w=1640 h=2165 edge=0.1338 white=0.0174 dark=0.0513 std=69.96
65_hs1-834228961_62-hq-83894_section_10,67,page_0067.png,mixed_annotation,0.55,conditional,try_ocr,true,"typed text with notable dark regions, possibly stamps or handwritten annotations",w=1658 h=2153 edge=0.1364 white=0.7891 dark=0.0505 std=58.65
65_hs1-834228961_62-hq-83894_section_10,68,page_0068.png,mixed_annotation,0.45,conditional,try_ocr,true,"moderate edges on non-white background, possibly mixed content",w=1643 h=2158 edge=0.2183 white=0.0002 dark=0.0505 std=56.71
65_hs1-834228961_62-hq-83894_section_10,69,page_0069.png,mixed_annotation,0.45,conditional,try_ocr,true,"moderate edges on non-white background, possibly mixed content",w=1645 h=2161 edge=0.1348 white=0.0191 dark=0.0526 std=70.14
65_hs1-834228961_62-hq-83894_section_10,70,page_0070.png,mixed_annotation,0.55,conditional,try_ocr,true,"typed text with notable dark regions, possibly stamps or handwritten annotations",w=1658 h=2153 edge=0.1033 white=0.7577 dark=0.0483 std=57.73
65_hs1-834228961_62-hq-83894_section_10,71,page_0071.png,mixed_annotation,0.45,conditional,try_ocr,true,"moderate edges on non-white background, possibly mixed content",w=1683 h=2162 edge=0.1752 white=0.3073 dark=0.0574 std=62.93
65_hs1-834228961_62-hq-83894_section_10,72,page_0072.png,mixed_annotation,0.45,conditional,try_ocr,true,"moderate edges on non-white background, possibly mixed content",w=1652 h=2150 edge=0.1217 white=0.6041 dark=0.0575 std=64.66
65_hs1-834228961_62-hq-83894_section_10,73,page_0073.png,mixed_annotation,0.45,conditional,try_ocr,true,"moderate edges on non-white background, possibly mixed content",w=1648 h=2150 edge=0.0705 white=0.0018 dark=0.0535 std=55.19
65_hs1-834228961_62-hq-83894_section_10,74,page_0074.png,mixed_annotation,0.45,conditional,try_ocr,true,"moderate edges on non-white background, possibly mixed content",w=1644 h=2146 edge=0.0396 white=0.0011 dark=0.0531 std=51.15
65_hs1-834228961_62-hq-83894_section_10,75,page_0075.png,mixed_annotation,0.45,conditional,try_ocr,true,"moderate edges on non-white background, possibly mixed content",w=1734 h=2319 edge=0.1285 white=0.0002 dark=0.0843 std=59.61
65_hs1-834228961_62-hq-83894_section_10,76,page_0076.png,mixed_annotation,0.45,conditional,try_ocr,true,"moderate edges on non-white background, possibly mixed content",w=1774 h=2322 edge=0.0880 white=0.0000 dark=0.1050 std=60.78
65_hs1-834228961_62-hq-83894_section_10,77,page_0077.png,mixed_annotation,0.3,conditional,try_ocr,true,"uncertain features, review recommended",w=1852 h=2916 edge=0.0093 white=0.0000 dark=0.0562 std=41.88
65_hs1-834228961_62-hq-83894_section_10,78,page_0078.png,newspaper_or_print_clipping,0.5,conditional,try_layout_ocr,true,"landscape orientation with text edges, possibly newspaper clipping",w=2543 h=1817 edge=0.1058 white=0.0818 dark=0.1291 std=64.19
65_hs1-834228961_62-hq-83894_section_10,79,page_0079.png,newspaper_or_print_clipping,0.5,conditional,try_layout_ocr,true,"landscape orientation with text edges, possibly newspaper clipping",w=2540 h=1826 edge=0.2110 white=0.6038 dark=0.0536 std=63.10
65_hs1-834228961_62-hq-83894_section_10,80,page_0080.png,newspaper_or_print_clipping,0.5,conditional,try_layout_ocr,true,"landscape orientation with text edges, possibly newspaper clipping",w=2534 h=1820 edge=0.1791 white=0.7940 dark=0.0462 std=64.98
65_hs1-834228961_62-hq-83894_section_10,81,page_0081.png,newspaper_or_print_clipping,0.5,conditional,try_layout_ocr,true,"landscape orientation with text edges, possibly newspaper clipping",w=2540 h=1820 edge=0.1928 white=0.7753 dark=0.0459 std=66.23
65_hs1-834228961_62-hq-83894_section_10,82,page_0082.png,newspaper_or_print_clipping,0.5,conditional,try_layout_ocr,true,"landscape orientation with text edges, possibly newspaper clipping",w=2536 h=1822 edge=0.1829 white=0.7872 dark=0.0484 std=66.57
65_hs1-834228961_62-hq-83894_section_10,83,page_0083.png,newspaper_or_print_clipping,0.5,conditional,try_layout_ocr,true,"landscape orientation with text edges, possibly newspaper clipping",w=2531 h=1828 edge=0.1901 white=0.7802 dark=0.0478 std=66.40
65_hs1-834228961_62-hq-83894_section_10,84,page_0084.png,newspaper_or_print_clipping,0.5,conditional,try_layout_ocr,true,"landscape orientation with text edges, possibly newspaper clipping",w=2536 h=1825 edge=0.1808 white=0.7907 dark=0.0468 std=65.69
65_hs1-834228961_62-hq-83894_section_10,85,page_0085.png,newspaper_or_print_clipping,0.5,conditional,try_layout_ocr,true,"landscape orientation with text edges, possibly newspaper clipping",w=2535 h=1828 edge=0.1672 white=0.7921 dark=0.0504 std=67.41
65_hs1-834228961_62-hq-83894_section_10,86,page_0086.png,newspaper_or_print_clipping,0.5,conditional,try_layout_ocr,true,"landscape orientation with text edges, possibly newspaper clipping",w=2534 h=1818 edge=0.1790 white=0.7416 dark=0.0453 std=66.79
65_hs1-834228961_62-hq-83894_section_10,87,page_0087.png,newspaper_or_print_clipping,0.5,conditional,try_layout_ocr,true,"landscape orientation with text edges, possibly newspaper clipping",w=2531 h=1826 edge=0.2067 white=0.6095 dark=0.0844 std=78.24
65_hs1-834228961_62-hq-83894_section_10,88,page_0088.png,newspaper_or_print_clipping,0.5,conditional,try_layout_ocr,true,"landscape orientation with text edges, possibly newspaper clipping",w=2529 h=1818 edge=0.1859 white=0.7903 dark=0.0471 std=67.72
65_hs1-834228961_62-hq-83894_section_10,89,page_0089.png,newspaper_or_print_clipping,0.5,conditional,try_layout_ocr,true,"landscape orientation with text edges, possibly newspaper clipping",w=2526 h=1829 edge=0.2034 white=0.7636 dark=0.0494 std=69.61
65_hs1-834228961_62-hq-83894_section_10,90,page_0090.png,newspaper_or_print_clipping,0.5,conditional,try_layout_ocr,true,"landscape orientation with text edges, possibly newspaper clipping",w=2527 h=1818 edge=0.1783 white=0.7858 dark=0.0493 std=67.02
65_hs1-834228961_62-hq-83894_section_10,91,page_0091.png,newspaper_or_print_clipping,0.5,conditional,try_layout_ocr,true,"landscape orientation with text edges, possibly newspaper clipping",w=2526 h=1830 edge=0.1734 white=0.7006 dark=0.0666 std=78.00
65_hs1-834228961_62-hq-83894_section_10,92,page_0092.png,newspaper_or_print_clipping,0.5,conditional,try_layout_ocr,true,"landscape orientation with text edges, possibly newspaper clipping",w=2525 h=1826 edge=0.1973 white=0.7752 dark=0.0487 std=67.07
65_hs1-834228961_62-hq-83894_section_10,93,page_0093.png,newspaper_or_print_clipping,0.5,conditional,try_layout_ocr,true,"landscape orientation with text edges, possibly newspaper clipping",w=2526 h=1824 edge=0.1960 white=0.7646 dark=0.0492 std=67.81
65_hs1-834228961_62-hq-83894_section_10,94,page_0094.png,mixed_annotation,0.45,conditional,try_ocr,true,"moderate edges on non-white background, possibly mixed content",w=1653 h=2158 edge=0.1009 white=0.0003 dark=0.0506 std=56.36
65_hs1-834228961_62-hq-83894_section_10,95,page_0095.png,mixed_annotation,0.45,conditional,try_ocr,true,"moderate edges on non-white background, possibly mixed content",w=1650 h=2153 edge=0.0611 white=0.0002 dark=0.0491 std=52.70
65_hs1-834228961_62-hq-83894_section_10,96,page_0096.png,typed_text,0.6,true,run_ocr,false,"moderate edge density on white background, likely typed",w=1651 h=2150 edge=0.0396 white=0.7788 dark=0.0503 std=58.18
65_hs1-834228961_62-hq-83894_section_10,97,page_0097.png,mixed_annotation,0.55,conditional,try_ocr,true,"typed text with notable dark regions, possibly stamps or handwritten annotations",w=1655 h=2156 edge=0.0502 white=0.7477 dark=0.0569 std=59.58
65_hs1-834228961_62-hq-83894_section_10,98,page_0098.png,mixed_annotation,0.45,conditional,try_ocr,true,"moderate edges on non-white background, possibly mixed content",w=1652 h=2154 edge=0.0316 white=0.6029 dark=0.0571 std=57.81
65_hs1-834228961_62-hq-83894_section_10,99,page_0099.png,mixed_annotation,0.45,conditional,try_ocr,true,"moderate edges on non-white background, possibly mixed content",w=1650 h=2148 edge=0.2371 white=0.4313 dark=0.0488 std=53.83
65_hs1-834228961_62-hq-83894_section_10,100,page_0100.png,mixed_annotation,0.45,conditional,try_ocr,true,"moderate edges on non-white background, possibly mixed content",w=1652 h=2153 edge=0.1924 white=0.0002 dark=0.0596 std=53.87
65_hs1-834228961_62-hq-83894_section_10,101,page_0101.png,mixed_annotation,0.45,conditional,try_ocr,true,"moderate edges on non-white background, possibly mixed content",w=1649 h=2151 edge=0.1929 white=0.0001 dark=0.0563 std=49.10
65_hs1-834228961_62-hq-83894_section_10,102,page_0102.png,mixed_annotation,0.45,conditional,try_ocr,true,"moderate edges on non-white background, possibly mixed content",w=1651 h=2152 edge=0.1982 white=0.0038 dark=0.0569 std=60.88
65_hs1-834228961_62-hq-83894_section_10,103,page_0103.png,mixed_annotation,0.45,conditional,try_ocr,true,"moderate edges on non-white background, possibly mixed content",w=1648 h=2152 edge=0.1772 white=0.0029 dark=0.0574 std=54.95
65_hs1-834228961_62-hq-83894_section_10,104,page_0104.png,mixed_annotation,0.45,conditional,try_ocr,true,"moderate edges on non-white background, possibly mixed content",w=1655 h=2151 edge=0.1863 white=0.0003 dark=0.0558 std=53.14
65_hs1-834228961_62-hq-83894_section_10,105,page_0105.png,mixed_annotation,0.45,conditional,try_ocr,true,"moderate edges on non-white background, possibly mixed content",w=1652 h=2154 edge=0.1669 white=0.0177 dark=0.0554 std=63.94
65_hs1-834228961_62-hq-83894_section_10,106,page_0106.png,mixed_annotation,0.45,conditional,try_ocr,true,"moderate edges on non-white background, possibly mixed content",w=1664 h=2156 edge=0.1477 white=0.0007 dark=0.0551 std=56.49
65_hs1-834228961_62-hq-83894_section_10,107,page_0107.png,mixed_annotation,0.45,conditional,try_ocr,true,"moderate edges on non-white background, possibly mixed content",w=1649 h=2153 edge=0.1881 white=0.0103 dark=0.0492 std=61.93
65_hs1-834228961_62-hq-83894_section_10,108,page_0108.png,mixed_annotation,0.45,conditional,try_ocr,true,"moderate edges on non-white background, possibly mixed content",w=1664 h=2152 edge=0.1366 white=0.0007 dark=0.0532 std=55.76
65_hs1-834228961_62-hq-83894_section_10,109,page_0109.png,mixed_annotation,0.45,conditional,try_ocr,true,"moderate edges on non-white background, possibly mixed content",w=1658 h=2155 edge=0.1629 white=0.0133 dark=0.0555 std=63.40
65_hs1-834228961_62-hq-83894_section_10,110,page_0110.png,mixed_annotation,0.45,conditional,try_ocr,true,"moderate edges on non-white background, possibly mixed content",w=1657 h=2164 edge=0.1587 white=0.0021 dark=0.0522 std=55.07
65_hs1-834228961_62-hq-83894_section_10,111,page_0111.png,mixed_annotation,0.45,conditional,try_ocr,true,"moderate edges on non-white background, possibly mixed content",w=1649 h=2156 edge=0.2075 white=0.0009 dark=0.0585 std=54.24
65_hs1-834228961_62-hq-83894_section_10,112,page_0112.png,mixed_annotation,0.45,conditional,try_ocr,true,"moderate edges on non-white background, possibly mixed content",w=1649 h=2154 edge=0.2062 white=0.0009 dark=0.0589 std=50.71
65_hs1-834228961_62-hq-83894_section_10,113,page_0113.png,typed_text,0.6,true,run_ocr,false,"moderate edge density on white background, likely typed",w=1652 h=2158 edge=0.1166 white=0.7093 dark=0.0637 std=67.33
65_hs1-834228961_62-hq-83894_section_10,114,page_0114.png,mixed_annotation,0.45,conditional,try_ocr,true,"moderate edges on non-white background, possibly mixed content",w=1651 h=2153 edge=0.0820 white=0.0004 dark=0.0556 std=54.29
65_hs1-834228961_62-hq-83894_section_10,115,page_0115.png,mixed_annotation,0.45,conditional,try_ocr,true,"moderate edges on non-white background, possibly mixed content",w=1649 h=2154 edge=0.0477 white=0.0000 dark=0.0564 std=50.66
65_hs1-834228961_62-hq-83894_section_10,116,page_0116.png,mixed_annotation,0.55,conditional,try_ocr,true,"typed text with notable dark regions, possibly stamps or handwritten annotations",w=1651 h=2156 edge=0.0567 white=0.7509 dark=0.0513 std=58.84
65_hs1-834228961_62-hq-83894_section_10,117,page_0117.png,typed_text,0.6,true,run_ocr,false,"moderate edge density on white background, likely typed",w=1052 h=1646 edge=0.1581 white=0.6955 dark=0.0738 std=67.11
65_hs1-834228961_62-hq-83894_section_10,118,page_0118.png,mixed_annotation,0.3,conditional,try_ocr,true,"uncertain features, review recommended",w=1784 h=2675 edge=0.0127 white=0.0000 dark=0.0761 std=50.30
65_hs1-834228961_62-hq-83894_section_10,119,page_0119.png,newspaper_or_print_clipping,0.5,conditional,try_layout_ocr,true,"landscape orientation with text edges, possibly newspaper clipping",w=712 h=419 edge=0.0832 white=0.8113 dark=0.0895 std=77.74
65_hs1-834228961_62-hq-83894_section_10,120,page_0120.png,typed_text,0.6,true,run_ocr,false,"moderate edge density on white background, likely typed",w=696 h=416 edge=0.0389 white=0.8454 dark=0.0733 std=66.61
65_hs1-834228961_62-hq-83894_section_10,121,page_0121.png,mixed_annotation,0.45,conditional,try_ocr,true,"moderate edges on non-white background, possibly mixed content",w=1650 h=2155 edge=0.0717 white=0.0005 dark=0.0535 std=53.12
65_hs1-834228961_62-hq-83894_section_10,122,page_0122.png,mixed_annotation,0.45,conditional,try_ocr,true,"moderate edges on non-white background, possibly mixed content",w=1656 h=2154 edge=0.0430 white=0.0002 dark=0.0601 std=51.30
65_hs1-834228961_62-hq-83894_section_10,123,page_0123.png,mixed_annotation,0.55,conditional,try_ocr,true,"typed text with notable dark regions, possibly stamps or handwritten annotations",w=1658 h=2150 edge=0.0638 white=0.7380 dark=0.0573 std=62.50
65_hs1-834228961_62-hq-83894_section_10,124,page_0124.png,mixed_annotation,0.55,conditional,try_ocr,true,"typed text with notable dark regions, possibly stamps or handwritten annotations",w=1746 h=2256 edge=0.0792 white=0.7714 dark=0.0560 std=58.86
65_hs1-834228961_62-hq-83894_section_10,125,page_0125.png,mixed_annotation,0.45,conditional,try_ocr,true,"moderate edges on non-white background, possibly mixed content",w=1744 h=2254 edge=0.0530 white=0.4893 dark=0.0574 std=56.86
65_hs1-834228961_62-hq-83894_section_10,126,page_0126.png,typed_text,0.45,true,run_ocr,false,"very low edge density but white page, possibly light typed content",w=1650 h=2154 edge=0.0174 white=0.8768 dark=0.0516 std=56.71
65_hs1-834228961_62-hq-83894_section_10,127,page_0127.png,mixed_annotation,0.45,conditional,try_ocr,true,"moderate edges on non-white background, possibly mixed content",w=1746 h=2256 edge=0.0943 white=0.4152 dark=0.0572 std=63.22
65_hs1-834228961_62-hq-83894_section_10,128,page_0128.png,mixed_annotation,0.3,conditional,try_ocr,true,"uncertain features, review recommended",w=1738 h=2259 edge=0.0170 white=0.2831 dark=0.0574 std=56.32
65_hs1-834228961_62-hq-83894_section_10,129,page_0129.png,mixed_annotation,0.45,conditional,try_ocr,true,"moderate edges on non-white background, possibly mixed content",w=1804 h=2257 edge=0.0974 white=0.4639 dark=0.0877 std=74.41
65_hs1-834228961_62-hq-83894_section_10,130,page_0130.png,image_or_photo,0.65,false,skip_ocr,false,"high tonal variance with low edge density, likely photo or figure",w=1808 h=2255 edge=0.0538 white=0.6134 dark=0.0888 std=72.32
65_hs1-834228961_62-hq-83894_section_10,131,page_0131.png,mixed_annotation,0.45,conditional,try_ocr,true,"moderate edges on non-white background, possibly mixed content",w=1838 h=2258 edge=0.0987 white=0.6428 dark=0.1044 std=78.38
65_hs1-834228961_62-hq-83894_section_10,132,page_0132.png,mixed_annotation,0.45,conditional,try_ocr,true,"moderate edges on non-white background, possibly mixed content",w=1648 h=2154 edge=0.0821 white=0.0006 dark=0.0577 std=56.29
65_hs1-834228961_62-hq-83894_section_10,133,page_0133.png,mixed_annotation,0.45,conditional,try_ocr,true,"moderate edges on non-white background, possibly mixed content",w=1643 h=2150 edge=0.0677 white=0.0003 dark=0.0564 std=50.87
65_hs1-834228961_62-hq-83894_section_10,134,page_0134.png,image_or_photo,0.65,false,skip_ocr,false,"high tonal variance with low edge density, likely photo or figure",w=1770 h=2268 edge=0.0693 white=0.4056 dark=0.0724 std=65.20
65_hs1-834228961_62-hq-83894_section_10,135,page_0135.png,mixed_annotation,0.45,conditional,try_ocr,true,"moderate edges on non-white background, possibly mixed content",w=1764 h=2267 edge=0.0476 white=0.0687 dark=0.0710 std=60.35
65_hs1-834228961_62-hq-83894_section_10,136,page_0136.png,typed_text,0.6,true,run_ocr,false,"moderate edge density on white background, likely typed",w=1646 h=2164 edge=0.1052 white=0.7103 dark=0.0525 std=64.67
65_hs1-834228961_62-hq-83894_section_10,137,page_0137.png,mixed_annotation,0.45,conditional,try_ocr,true,"moderate edges on non-white background, possibly mixed content",w=1653 h=2161 edge=0.0432 white=0.5462 dark=0.0579 std=57.75
65_hs1-834228961_62-hq-83894_section_10,138,page_0138.png,mixed_annotation,0.45,conditional,try_ocr,true,"moderate edges on non-white background, possibly mixed content",w=1653 h=2155 edge=0.0848 white=0.0002 dark=0.0577 std=57.65
65_hs1-834228961_62-hq-83894_section_10,139,page_0139.png,mixed_annotation,0.45,conditional,try_ocr,true,"moderate edges on non-white background, possibly mixed content",w=1653 h=2153 edge=0.0517 white=0.0001 dark=0.0589 std=52.19
65_hs1-834228961_62-hq-83894_section_10,140,page_0140.png,typed_text,0.6,true,run_ocr,false,"moderate edge density on white background, likely typed",w=1654 h=2156 edge=0.1029 white=0.6758 dark=0.0572 std=65.11
65_hs1-834228961_62-hq-83894_section_10,141,page_0141.png,mixed_annotation,0.45,conditional,try_ocr,true,"moderate edges on non-white background, possibly mixed content",w=1637 h=2158 edge=0.1070 white=0.5754 dark=0.0568 std=62.24
65_hs1-834228961_62-hq-83894_section_10,142,page_0142.png,mixed_annotation,0.45,conditional,try_ocr,true,"moderate edges on non-white background, possibly mixed content",w=1642 h=2155 edge=0.0473 white=0.2871 dark=0.0620 std=58.04
65_hs1-834228961_62-hq-83894_section_10,143,page_0143.png,mixed_annotation,0.45,conditional,try_ocr,true,"moderate edges on non-white background, possibly mixed content",w=1636 h=2161 edge=0.0702 white=0.6245 dark=0.0564 std=59.75
65_hs1-834228961_62-hq-83894_section_10,144,page_0144.png,mixed_annotation,0.45,conditional,try_ocr,true,"moderate edges on non-white background, possibly mixed content",w=1757 h=2186 edge=0.3480 white=0.0736 dark=0.0868 std=58.90
65_hs1-834228961_62-hq-83894_section_10,145,page_0145.png,mixed_annotation,0.45,conditional,try_ocr,true,"moderate edges on non-white background, possibly mixed content",w=1651 h=2127 edge=0.0928 white=0.0018 dark=0.0526 std=57.04
65_hs1-834228961_62-hq-83894_section_10,146,page_0146.png,mixed_annotation,0.45,conditional,try_ocr,true,"moderate edges on non-white background, possibly mixed content",w=1648 h=2127 edge=0.0540 white=0.0002 dark=0.0530 std=49.97
65_hs1-834228961_62-hq-83894_section_10,147,page_0147.png,image_or_photo,0.65,false,skip_ocr,false,"high tonal variance with low edge density, likely photo or figure",w=1672 h=2190 edge=0.0688 white=0.1522 dark=0.0698 std=62.24
65_hs1-834228961_62-hq-83894_section_10,148,page_0148.png,mixed_annotation,0.45,conditional,try_ocr,true,"moderate edges on non-white background, possibly mixed content",w=1254 h=1908 edge=0.0959 white=0.5498 dark=0.0814 std=68.56
65_hs1-834228961_62-hq-83894_section_10,149,page_0149.png,image_or_photo,0.65,false,skip_ocr,false,"high tonal variance with low edge density, likely photo or figure",w=1304 h=1872 edge=0.0436 white=0.3590 dark=0.1006 std=72.46
65_hs1-834228961_62-hq-83894_section_10,150,page_0150.png,typed_text,0.45,true,run_ocr,false,"very low edge density but white page, possibly light typed content",w=1666 h=2166 edge=0.0103 white=0.8574 dark=0.0551 std=57.38
65_hs1-834228961_62-hq-83894_section_10,151,page_0151.png,typed_text,0.6,true,run_ocr,false,"moderate edge density on white background, likely typed",w=1762 h=2270 edge=0.0712 white=0.6590 dark=0.1155 std=81.58
65_hs1-834228961_62-hq-83894_section_10,152,page_0152.png,mixed_annotation,0.45,conditional,try_ocr,true,"moderate edges on non-white background, possibly mixed content",w=1650 h=2153 edge=0.1154 white=0.0002 dark=0.0565 std=53.14
65_hs1-834228961_62-hq-83894_section_10,153,page_0153.png,mixed_annotation,0.45,conditional,try_ocr,true,"moderate edges on non-white background, possibly mixed content",w=1650 h=2149 edge=0.1206 white=0.0001 dark=0.0594 std=50.73
65_hs1-834228961_62-hq-83894_section_10,154,page_0154.png,typed_text,0.6,true,run_ocr,false,"moderate edge density on white background, likely typed",w=1655 h=2160 edge=0.0429 white=0.6561 dark=0.0529 std=57.19
65_hs1-834228961_62-hq-83894_section_10,155,page_0155.png,typed_text,0.6,true,run_ocr,false,"moderate edge density on white background, likely typed",w=1637 h=2144 edge=0.0470 white=0.8587 dark=0.0487 std=56.10
65_hs1-834228961_62-hq-83894_section_10,156,page_0156.png,typed_text,0.6,true,run_ocr,false,"moderate edge density on white background, likely typed",w=1638 h=2140 edge=0.0317 white=0.7911 dark=0.0505 std=54.78
65_hs1-834228961_62-hq-83894_section_10,157,page_0157.png,mixed_annotation,0.45,conditional,try_ocr,true,"moderate edges on non-white background, possibly mixed content",w=1116 h=1955 edge=0.0844 white=0.2477 dark=0.1235 std=80.93
65_hs1-834228961_62-hq-83894_section_10,158,page_0158.png,image_or_photo,0.65,false,skip_ocr,false,"high tonal variance with low edge density, likely photo or figure",w=1120 h=1958 edge=0.0221 white=0.1589 dark=0.1243 std=78.85
65_hs1-834228961_62-hq-83894_section_10,159,page_0159.png,mixed_annotation,0.55,conditional,try_ocr,true,"typed text with notable dark regions, possibly stamps or handwritten annotations",w=1657 h=2150 edge=0.0750 white=0.8132 dark=0.0539 std=61.49
65_hs1-834228961_62-hq-83894_section_10,160,page_0160.png,typed_text,0.45,true,run_ocr,false,"very low edge density but white page, possibly light typed content",w=1654 h=2148 edge=0.0177 white=0.8195 dark=0.0528 std=56.21
65_hs1-834228961_62-hq-83894_section_10,161,page_0161.png,mixed_annotation,0.55,conditional,try_ocr,true,"typed text with notable dark regions, possibly stamps or handwritten annotations",w=1654 h=2153 edge=0.1050 white=0.8260 dark=0.0516 std=63.31
65_hs1-834228961_62-hq-83894_section_10,162,page_0162.png,mixed_annotation,0.55,conditional,try_ocr,true,"typed text with notable dark regions, possibly stamps or handwritten annotations",w=1652 h=2152 edge=0.1012 white=0.8397 dark=0.0510 std=62.85
65_hs1-834228961_62-hq-83894_section_10,163,page_0163.png,mixed_annotation,0.55,conditional,try_ocr,true,"typed text with notable dark regions, possibly stamps or handwritten annotations",w=1652 h=2156 edge=0.1021 white=0.8368 dark=0.0514 std=63.35
65_hs1-834228961_62-hq-83894_section_10,164,page_0164.png,mixed_annotation,0.45,conditional,try_ocr,true,"moderate edges on non-white background, possibly mixed content",w=1648 h=2149 edge=0.0801 white=0.0007 dark=0.0631 std=55.80
65_hs1-834228961_62-hq-83894_section_10,165,page_0165.png,mixed_annotation,0.45,conditional,try_ocr,true,"moderate edges on non-white background, possibly mixed content",w=1648 h=2136 edge=0.0716 white=0.0001 dark=0.0591 std=51.73
65_hs1-834228961_62-hq-83894_section_10,166,page_0166.png,mixed_annotation,0.45,conditional,try_ocr,true,"moderate edges on non-white background, possibly mixed content",w=1746 h=2260 edge=0.1215 white=0.5321 dark=0.0670 std=64.73
65_hs1-834228961_62-hq-83894_section_10,167,page_0167.png,mixed_annotation,0.45,conditional,try_ocr,true,"moderate edges on non-white background, possibly mixed content",w=1653 h=2137 edge=0.1213 white=0.0005 dark=0.0647 std=58.75
65_hs1-834228961_62-hq-83894_section_10,168,page_0168.png,mixed_annotation,0.45,conditional,try_ocr,true,"moderate edges on non-white background, possibly mixed content",w=1648 h=2130 edge=0.0751 white=0.0001 dark=0.0629 std=53.75
65_hs1-834228961_62-hq-83894_section_10,169,page_0169.png,mixed_annotation,0.55,conditional,try_ocr,true,"typed text with notable dark regions, possibly stamps or handwritten annotations",w=1751 h=2240 edge=0.0595 white=0.8037 dark=0.0560 std=61.18
65_hs1-834228961_62-hq-83894_section_10,170,page_0170.png,typed_text,0.6,true,run_ocr,false,"moderate edge density on white background, likely typed",w=1750 h=2236 edge=0.0220 white=0.8328 dark=0.0563 std=58.08
65_hs1-834228961_62-hq-83894_section_10,171,page_0171.png,typed_text,0.6,true,run_ocr,false,"moderate edge density on white background, likely typed",w=848 h=2137 edge=0.1371 white=0.7184 dark=0.0780 std=70.09
65_hs1-834228961_62-hq-83894_section_10,172,page_0172.png,mixed_annotation,0.45,conditional,try_ocr,true,"moderate edges on non-white background, possibly mixed content",w=1644 h=2164 edge=0.1195 white=0.5796 dark=0.0519 std=64.54
65_hs1-834228961_62-hq-83894_section_10,173,page_0173.png,mixed_annotation,0.45,conditional,try_ocr,true,"moderate edges on non-white background, possibly mixed content",w=1658 h=2164 edge=0.0477 white=0.4369 dark=0.0621 std=59.45
65_hs1-834228961_62-hq-83894_section_10,174,page_0174.png,mixed_annotation,0.55,conditional,try_ocr,true,"typed text with notable dark regions, possibly stamps or handwritten annotations",w=1647 h=2154 edge=0.0800 white=0.7355 dark=0.0540 std=62.75
65_hs1-834228961_62-hq-83894_section_10,175,page_0175.png,mixed_annotation,0.45,conditional,try_ocr,true,"moderate edges on non-white background, possibly mixed content",w=1646 h=2148 edge=0.0265 white=0.6074 dark=0.0518 std=54.94
65_hs1-834228961_62-hq-83894_section_10,176,page_0176.png,typed_text,0.6,true,run_ocr,false,"moderate edge density on white background, likely typed",w=1664 h=2163 edge=0.0366 white=0.8815 dark=0.0522 std=60.60
65_hs1-834228961_62-hq-83894_section_10,177,page_0177.png,mixed_annotation,0.55,conditional,try_ocr,true,"typed text with notable dark regions, possibly stamps or handwritten annotations",w=1657 h=2164 edge=0.1200 white=0.8027 dark=0.0511 std=64.28
65_hs1-834228961_62-hq-83894_section_10,178,page_0178.png,typed_text,0.6,true,run_ocr,false,"moderate edge density on white background, likely typed",w=1658 h=2173 edge=0.0316 white=0.8912 dark=0.0549 std=61.07
65_hs1-834228961_62-hq-83894_section_10,179,page_0179.png,mixed_annotation,0.55,conditional,try_ocr,true,"typed text with notable dark regions, possibly stamps or handwritten annotations",w=1656 h=2174 edge=0.0571 white=0.7676 dark=0.0556 std=62.74
65_hs1-834228961_62-hq-83894_section_10,180,page_0180.png,handwritten,0.4,false,try_vision_or_review,true,"low-to-moderate edges with non-white background, possibly handwritten",w=1698 h=2218 edge=0.0485 white=0.1107 dark=0.0000 std=18.01
65_hs1-834228961_62-hq-83894_section_10,181,page_0181.png,mixed_annotation,0.45,conditional,try_ocr,true,"moderate edges on non-white background, possibly mixed content",w=1634 h=2154 edge=0.0499 white=0.0006 dark=0.0726 std=58.39
65_hs1-834228961_62-hq-83894_section_10,182,page_0182.png,mixed_annotation,0.45,conditional,try_ocr,true,"moderate edges on non-white background, possibly mixed content",w=1654 h=2149 edge=0.0956 white=0.4050 dark=0.0531 std=62.98
65_hs1-834228961_62-hq-83894_section_10,183,page_0183.png,mixed_annotation,0.45,conditional,try_ocr,true,"moderate edges on non-white background, possibly mixed content",w=1660 h=2154 edge=0.1261 white=0.3663 dark=0.0516 std=62.81
65_hs1-834228961_62-hq-83894_section_10,184,page_0184.png,mixed_annotation,0.45,conditional,try_ocr,true,"moderate edges on non-white background, possibly mixed content",w=1656 h=2147 edge=0.0345 white=0.3062 dark=0.0490 std=53.32
