frame_name,timestamp_s,scene_type,ground_subtype,lighting_type,sensor_mode,scene_confidence,mean_brightness,texture_variance,edge_density,spatial_freq_ratio,masked_pixel_ratio,scene_notes
frame_0000.png,0.0,ground_surface,unknown,daytime,color,0.68,82.3,1.8,0.0048,0.12644,0.1824,低〜中輝度(82<125)+color→地表面（可視光の雲面は通常より明るい） / 高周波比率やや高(0.1264)→地表寄り / エッジ密度微小(0.0048≤0.008)→雲寄り（参考）
frame_0003.png,3.0,unknown,,daytime,color,0.35,61.01,2.18,0.0055,0.0772,0.1834,低〜中輝度(61<125)+color→地表面（可視光の雲面は通常より明るい） / 高周波比率やや低(0.0772)→雲寄り / エッジ密度微小(0.0055≤0.008)→雲寄り（参考） / スコア同点のため unknown
frame_0006.png,6.0,unknown,,daytime,color,0.35,104.93,3.46,0.0087,0.05609,0.1822,低〜中輝度(105<125)+color→地表面（可視光の雲面は通常より明るい） / 高周波比率低(0.0561≤0.06)→雲 / スコア同点のため unknown
frame_0009.png,9.0,ground_surface,arid,daytime,color,0.76,113.5,3.6,0.00846,0.11709,0.1806,低〜中輝度(114<125)+color→地表面（可視光の雲面は通常より明るい） / 高周波比率やや高(0.1171)→地表寄り
frame_0012.png,12.0,unknown,,daytime,color,0.35,96.9,2.7,0.0067,0.07503,0.1831,低〜中輝度(97<125)+color→地表面（可視光の雲面は通常より明るい） / 高周波比率やや低(0.0750)→雲寄り / エッジ密度微小(0.0067≤0.008)→雲寄り（参考） / スコア同点のため unknown
frame_0015.png,15.0,cloud,,daytime,color,0.55,82.21,3.08,0.00753,0.05247,0.2232,低〜中輝度(82<125)+color→地表面（可視光の雲面は通常より明るい） / 高周波比率低(0.0525≤0.06)→雲 / エッジ密度微小(0.0075≤0.008)→雲寄り（参考）
frame_0018.png,18.0,unknown,,daytime,color,0.35,75.67,2.29,0.006,0.0655,0.1829,低〜中輝度(76<125)+color→地表面（可視光の雲面は通常より明るい） / 高周波比率やや低(0.0655)→雲寄り / エッジ密度微小(0.0060≤0.008)→雲寄り（参考） / スコア同点のため unknown
frame_0021.png,21.0,ground_surface,rocky,daytime,color,0.55,98.8,2.67,0.00685,0.0829,0.187,低〜中輝度(99<125)+color→地表面（可視光の雲面は通常より明るい） / エッジ密度微小(0.0068≤0.008)→雲寄り（参考）
frame_0024.png,24.0,cloud,,daytime,color,0.55,93.52,3.07,0.00747,0.03845,0.1819,低〜中輝度(94<125)+color→地表面（可視光の雲面は通常より明るい） / 高周波比率低(0.0384≤0.06)→雲 / エッジ密度微小(0.0075≤0.008)→雲寄り（参考）
frame_0027.png,27.0,unknown,,daytime,color,0.35,90.27,5.96,0.01585,0.04789,0.1843,低〜中輝度(90<125)+color→地表面（可視光の雲面は通常より明るい） / 高周波比率低(0.0479≤0.06)→雲 / スコア同点のため unknown
frame_0030.png,30.0,unknown,,daytime,color,0.35,89.52,5.58,0.01484,0.05889,0.1901,低〜中輝度(90<125)+color→地表面（可視光の雲面は通常より明るい） / 高周波比率低(0.0589≤0.06)→雲 / スコア同点のため unknown
frame_0033.png,33.0,ground_surface,rocky,daytime,color,0.83,90.79,3.63,0.01,0.15524,0.1952,低〜中輝度(91<125)+color→地表面（可視光の雲面は通常より明るい） / 高周波比率高(0.1552≥0.15)→地表
frame_0036.png,36.0,ground_surface,unknown,daytime,color,0.55,79.65,3.57,0.01015,0.06513,0.1836,低〜中輝度(80<125)+color→地表面（可視光の雲面は通常より明るい） / 高周波比率やや低(0.0651)→雲寄り
frame_0039.png,39.0,unknown,,daytime,color,0.35,99.38,5.02,0.01254,0.0574,0.1824,低〜中輝度(99<125)+color→地表面（可視光の雲面は通常より明るい） / 高周波比率低(0.0574≤0.06)→雲 / スコア同点のため unknown
frame_0042.png,42.0,ground_surface,rocky,daytime,color,0.76,101.22,3.62,0.00947,0.10252,0.1823,低〜中輝度(101<125)+color→地表面（可視光の雲面は通常より明るい） / 高周波比率やや高(0.1025)→地表寄り
frame_0045.png,45.0,ground_surface,rocky,daytime,color,0.55,82.79,5.26,0.01374,0.06952,0.191,低〜中輝度(83<125)+color→地表面（可視光の雲面は通常より明るい） / 高周波比率やや低(0.0695)→雲寄り
frame_0048.png,48.0,ground_surface,rocky,daytime,color,0.55,108.09,4.78,0.01203,0.06798,0.181,低〜中輝度(108<125)+color→地表面（可視光の雲面は通常より明るい） / 高周波比率やや低(0.0680)→雲寄り
frame_0051.png,51.0,unknown,,daytime,color,0.35,91.92,3.28,0.01072,0.04951,0.1832,低〜中輝度(92<125)+color→地表面（可視光の雲面は通常より明るい） / 高周波比率低(0.0495≤0.06)→雲 / スコア同点のため unknown
frame_0054.png,54.0,ground_surface,rocky,daytime,color,0.68,82.52,2.27,0.00629,0.14109,0.1829,低〜中輝度(83<125)+color→地表面（可視光の雲面は通常より明るい） / 高周波比率やや高(0.1411)→地表寄り / エッジ密度微小(0.0063≤0.008)→雲寄り（参考）
frame_0057.png,57.0,ground_surface,rocky,daytime,color,0.55,83.75,2.78,0.00729,0.08489,0.1828,低〜中輝度(84<125)+color→地表面（可視光の雲面は通常より明るい） / エッジ密度微小(0.0073≤0.008)→雲寄り（参考）
frame_0060.png,60.0,ground_surface,rocky,daytime,color,0.55,87.03,3.28,0.00869,0.07222,0.1825,低〜中輝度(87<125)+color→地表面（可視光の雲面は通常より明るい） / 高周波比率やや低(0.0722)→雲寄り
frame_0063.png,63.0,ground_surface,unknown,daytime,color,0.68,67.13,1.92,0.00515,0.10869,0.1829,低〜中輝度(67<125)+color→地表面（可視光の雲面は通常より明るい） / 高周波比率やや高(0.1087)→地表寄り / エッジ密度微小(0.0052≤0.008)→雲寄り（参考）
frame_0066.png,66.0,ground_surface,rocky,daytime,color,0.68,109.87,3.4,0.00846,0.08442,0.1819,低〜中輝度(110<125)+color→地表面（可視光の雲面は通常より明るい）
frame_0069.png,69.0,unknown,,daytime,color,0.35,105.95,5.26,0.01353,0.05326,0.2015,低〜中輝度(106<125)+color→地表面（可視光の雲面は通常より明るい） / 高周波比率低(0.0533≤0.06)→雲 / スコア同点のため unknown
frame_0072.png,72.0,ground_surface,arid,daytime,color,0.55,89.31,4.09,0.01065,0.07631,0.2199,低〜中輝度(89<125)+color→地表面（可視光の雲面は通常より明るい） / 高周波比率やや低(0.0763)→雲寄り
frame_0075.png,75.0,unknown,,daytime,color,0.35,91.36,3.32,0.00888,0.02153,0.1815,低〜中輝度(91<125)+color→地表面（可視光の雲面は通常より明るい） / 高周波比率低(0.0215≤0.06)→雲 / スコア同点のため unknown
frame_0078.png,78.0,unknown,,daytime,color,0.35,79.52,4.71,0.01297,0.04693,0.1974,低〜中輝度(80<125)+color→地表面（可視光の雲面は通常より明るい） / 高周波比率低(0.0469≤0.06)→雲 / スコア同点のため unknown
frame_0081.png,81.0,ground_surface,unknown,daytime,color,0.68,83.95,2.52,0.00706,0.11289,0.1832,低〜中輝度(84<125)+color→地表面（可視光の雲面は通常より明るい） / 高周波比率やや高(0.1129)→地表寄り / エッジ密度微小(0.0071≤0.008)→雲寄り（参考）
frame_0084.png,84.0,unknown,,daytime,color,0.35,80.82,5.05,0.0133,0.05834,0.205,低〜中輝度(81<125)+color→地表面（可視光の雲面は通常より明るい） / 高周波比率低(0.0583≤0.06)→雲 / スコア同点のため unknown
frame_0087.png,87.0,ground_surface,rocky,daytime,color,0.55,108.79,4.39,0.01199,0.07029,0.1807,低〜中輝度(109<125)+color→地表面（可視光の雲面は通常より明るい） / 高周波比率やや低(0.0703)→雲寄り
frame_0090.png,90.0,unknown,,daytime,color,0.35,96.89,5.69,0.01549,0.03517,0.1869,低〜中輝度(97<125)+color→地表面（可視光の雲面は通常より明るい） / 高周波比率低(0.0352≤0.06)→雲 / スコア同点のため unknown
frame_0093.png,93.0,unknown,,daytime,color,0.35,69.52,4.25,0.01214,0.03393,0.2059,低〜中輝度(70<125)+color→地表面（可視光の雲面は通常より明るい） / 高周波比率低(0.0339≤0.06)→雲 / スコア同点のため unknown
frame_0096.png,96.0,ground_surface,rocky,daytime,color,0.55,55.98,4.13,0.0117,0.06468,0.1841,低〜中輝度(56<125)+color→地表面（可視光の雲面は通常より明るい） / 高周波比率やや低(0.0647)→雲寄り
frame_0099.png,99.0,unknown,,daytime,color,0.35,77.54,3.96,0.01086,0.04587,0.1827,低〜中輝度(78<125)+color→地表面（可視光の雲面は通常より明るい） / 高周波比率低(0.0459≤0.06)→雲 / スコア同点のため unknown
frame_0102.png,102.0,unknown,,daytime,color,0.35,62.02,5.8,0.01603,0.03544,0.2102,低〜中輝度(62<125)+color→地表面（可視光の雲面は通常より明るい） / 高周波比率低(0.0354≤0.06)→雲 / スコア同点のため unknown
frame_0105.png,105.0,unknown,,daytime,color,0.35,108.12,5.87,0.01487,0.02465,0.1917,低〜中輝度(108<125)+color→地表面（可視光の雲面は通常より明るい） / 高周波比率低(0.0246≤0.06)→雲 / スコア同点のため unknown
frame_0108.png,108.0,ground_surface,rocky,daytime,color,0.55,65.75,3.55,0.01,0.07015,0.1932,低〜中輝度(66<125)+color→地表面（可視光の雲面は通常より明るい） / 高周波比率やや低(0.0702)→雲寄り
frame_0111.png,111.0,unknown,,daytime,color,0.35,73.41,4.06,0.01112,0.04552,0.1834,低〜中輝度(73<125)+color→地表面（可視光の雲面は通常より明るい） / 高周波比率低(0.0455≤0.06)→雲 / スコア同点のため unknown
frame_0114.png,114.0,ground_surface,rocky,daytime,color,0.55,75.55,5.91,0.01675,0.06163,0.1872,低〜中輝度(76<125)+color→地表面（可視光の雲面は通常より明るい） / 高周波比率やや低(0.0616)→雲寄り
frame_0117.png,117.0,ground_surface,rocky,daytime,color,0.55,78.22,3.91,0.01073,0.06468,0.1901,低〜中輝度(78<125)+color→地表面（可視光の雲面は通常より明るい） / 高周波比率やや低(0.0647)→雲寄り
frame_0120.png,120.0,unknown,,daytime,color,0.35,65.05,5.38,0.01438,0.05141,0.2042,低〜中輝度(65<125)+color→地表面（可視光の雲面は通常より明るい） / 高周波比率低(0.0514≤0.06)→雲 / スコア同点のため unknown
frame_0123.png,123.0,unknown,,daytime,color,0.35,78.89,6.02,0.01636,0.04404,0.1852,低〜中輝度(79<125)+color→地表面（可視光の雲面は通常より明るい） / 高周波比率低(0.0440≤0.06)→雲 / スコア同点のため unknown
frame_0126.png,126.0,ground_surface,unknown,daytime,color,0.55,72.85,1.91,0.00535,0.09435,0.1842,低〜中輝度(73<125)+color→地表面（可視光の雲面は通常より明るい） / エッジ密度微小(0.0054≤0.008)→雲寄り（参考）
frame_0129.png,129.0,ground_surface,rocky,daytime,color,0.55,88.03,2.2,0.00582,0.08949,0.1825,低〜中輝度(88<125)+color→地表面（可視光の雲面は通常より明るい） / エッジ密度微小(0.0058≤0.008)→雲寄り（参考）
frame_0132.png,132.0,ground_surface,rocky,daytime,color,0.68,66.13,2.54,0.0068,0.11805,0.182,低〜中輝度(66<125)+color→地表面（可視光の雲面は通常より明るい） / 高周波比率やや高(0.1181)→地表寄り / エッジ密度微小(0.0068≤0.008)→雲寄り（参考）
frame_0135.png,135.0,ground_surface,rocky,daytime,color,0.68,74.59,2.0,0.00508,0.14965,0.1828,低〜中輝度(75<125)+color→地表面（可視光の雲面は通常より明るい） / 高周波比率やや高(0.1496)→地表寄り / エッジ密度微小(0.0051≤0.008)→雲寄り（参考）
frame_0138.png,138.0,ground_surface,rocky,daytime,color,0.68,96.15,2.94,0.00767,0.10224,0.182,低〜中輝度(96<125)+color→地表面（可視光の雲面は通常より明るい） / 高周波比率やや高(0.1022)→地表寄り / エッジ密度微小(0.0077≤0.008)→雲寄り（参考）
frame_0141.png,141.0,ground_surface,rocky,daytime,color,0.68,64.55,1.52,0.00419,0.1196,0.1835,低〜中輝度(65<125)+color→地表面（可視光の雲面は通常より明るい） / 高周波比率やや高(0.1196)→地表寄り / エッジ密度微小(0.0042≤0.008)→雲寄り（参考）
frame_0144.png,144.0,unknown,,daytime,color,0.35,92.79,2.75,0.00675,0.06275,0.1816,低〜中輝度(93<125)+color→地表面（可視光の雲面は通常より明るい） / 高周波比率やや低(0.0627)→雲寄り / エッジ密度微小(0.0068≤0.008)→雲寄り（参考） / スコア同点のため unknown
frame_0147.png,147.0,cloud,,daytime,color,0.55,89.3,2.48,0.0065,0.0564,0.1831,低〜中輝度(89<125)+color→地表面（可視光の雲面は通常より明るい） / 高周波比率低(0.0564≤0.06)→雲 / エッジ密度微小(0.0065≤0.008)→雲寄り（参考）
frame_0150.png,150.0,ground_surface,rocky,daytime,color,0.68,102.92,2.17,0.00618,0.11488,0.1814,低〜中輝度(103<125)+color→地表面（可視光の雲面は通常より明るい） / 高周波比率やや高(0.1149)→地表寄り / エッジ密度微小(0.0062≤0.008)→雲寄り（参考）
frame_0153.png,153.0,unknown,,daytime,color,0.35,106.89,3.57,0.0085,0.05789,0.181,低〜中輝度(107<125)+color→地表面（可視光の雲面は通常より明るい） / 高周波比率低(0.0579≤0.06)→雲 / スコア同点のため unknown
frame_0156.png,156.0,ground_surface,rocky,daytime,color,0.68,93.0,2.06,0.00573,0.14142,0.1822,低〜中輝度(93<125)+color→地表面（可視光の雲面は通常より明るい） / 高周波比率やや高(0.1414)→地表寄り / エッジ密度微小(0.0057≤0.008)→雲寄り（参考）
frame_0159.png,159.0,unknown,,daytime,color,0.35,92.05,2.48,0.00617,0.06274,0.1825,低〜中輝度(92<125)+color→地表面（可視光の雲面は通常より明るい） / 高周波比率やや低(0.0627)→雲寄り / エッジ密度微小(0.0062≤0.008)→雲寄り（参考） / スコア同点のため unknown
frame_0162.png,162.0,ground_surface,rocky,daytime,color,0.76,83.42,2.18,0.00571,0.19116,0.1831,低〜中輝度(83<125)+color→地表面（可視光の雲面は通常より明るい） / 高周波比率高(0.1912≥0.15)→地表 / エッジ密度微小(0.0057≤0.008)→雲寄り（参考）
frame_0165.png,165.0,ground_surface,rocky,daytime,color,0.76,87.75,2.12,0.00517,0.15743,0.1821,低〜中輝度(88<125)+color→地表面（可視光の雲面は通常より明るい） / 高周波比率高(0.1574≥0.15)→地表 / エッジ密度微小(0.0052≤0.008)→雲寄り（参考）
frame_0168.png,168.0,cloud,,daytime,color,0.55,80.72,2.47,0.00662,0.04917,0.1833,低〜中輝度(81<125)+color→地表面（可視光の雲面は通常より明るい） / 高周波比率低(0.0492≤0.06)→雲 / エッジ密度微小(0.0066≤0.008)→雲寄り（参考）
frame_0171.png,171.0,unknown,,daytime,color,0.35,82.21,1.74,0.00456,0.07654,0.1833,低〜中輝度(82<125)+color→地表面（可視光の雲面は通常より明るい） / 高周波比率やや低(0.0765)→雲寄り / エッジ密度微小(0.0046≤0.008)→雲寄り（参考） / スコア同点のため unknown
frame_0174.png,174.0,unknown,,daytime,color,0.35,77.24,3.18,0.00778,0.06418,0.1849,低〜中輝度(77<125)+color→地表面（可視光の雲面は通常より明るい） / 高周波比率やや低(0.0642)→雲寄り / エッジ密度微小(0.0078≤0.008)→雲寄り（参考） / スコア同点のため unknown
frame_0177.png,177.0,ground_surface,arid,daytime,color,0.55,101.89,2.78,0.00726,0.09206,0.1823,低〜中輝度(102<125)+color→地表面（可視光の雲面は通常より明るい） / エッジ密度微小(0.0073≤0.008)→雲寄り（参考）
frame_0180.png,180.0,ground_surface,rocky,daytime,color,0.68,62.76,1.58,0.00435,0.11271,0.1838,低〜中輝度(63<125)+color→地表面（可視光の雲面は通常より明るい） / 高周波比率やや高(0.1127)→地表寄り / エッジ密度微小(0.0044≤0.008)→雲寄り（参考）
frame_0183.png,183.0,cloud,,daytime,color,0.55,73.98,2.15,0.00539,0.03789,0.1829,低〜中輝度(74<125)+color→地表面（可視光の雲面は通常より明るい） / 高周波比率低(0.0379≤0.06)→雲 / エッジ密度微小(0.0054≤0.008)→雲寄り（参考）
frame_0186.png,186.0,ground_surface,rocky,daytime,color,0.55,94.75,3.24,0.00807,0.07641,0.1816,低〜中輝度(95<125)+color→地表面（可視光の雲面は通常より明るい） / 高周波比率やや低(0.0764)→雲寄り
frame_0189.png,189.0,cloud,,daytime,color,0.55,70.33,2.19,0.00581,0.03035,0.1832,低〜中輝度(70<125)+color→地表面（可視光の雲面は通常より明るい） / 高周波比率低(0.0304≤0.06)→雲 / エッジ密度微小(0.0058≤0.008)→雲寄り（参考）
frame_0192.png,192.0,cloud,,daytime,color,0.55,81.21,2.09,0.00532,0.03739,0.1828,低〜中輝度(81<125)+color→地表面（可視光の雲面は通常より明るい） / 高周波比率低(0.0374≤0.06)→雲 / エッジ密度微小(0.0053≤0.008)→雲寄り（参考）
frame_0195.png,195.0,ground_surface,rocky,daytime,color,0.55,85.6,2.52,0.00652,0.09443,0.1822,低〜中輝度(86<125)+color→地表面（可視光の雲面は通常より明るい） / エッジ密度微小(0.0065≤0.008)→雲寄り（参考）
frame_0198.png,198.0,ground_surface,rocky,daytime,color,0.76,79.85,2.67,0.00655,0.24248,0.1822,低〜中輝度(80<125)+color→地表面（可視光の雲面は通常より明るい） / 高周波比率高(0.2425≥0.15)→地表 / エッジ密度微小(0.0066≤0.008)→雲寄り（参考）
frame_0201.png,201.0,unknown,,daytime,color,0.35,97.16,3.27,0.00802,0.04164,0.1815,低〜中輝度(97<125)+color→地表面（可視光の雲面は通常より明るい） / 高周波比率低(0.0416≤0.06)→雲 / スコア同点のため unknown
frame_0204.png,204.0,ground_surface,rocky,daytime,color,0.76,82.91,1.77,0.00458,0.15539,0.1827,低〜中輝度(83<125)+color→地表面（可視光の雲面は通常より明るい） / 高周波比率高(0.1554≥0.15)→地表 / エッジ密度微小(0.0046≤0.008)→雲寄り（参考）
frame_0207.png,207.0,ground_surface,arid,daytime,color,0.76,88.95,1.67,0.00407,0.28407,0.1825,低〜中輝度(89<125)+color→地表面（可視光の雲面は通常より明るい） / 高周波比率高(0.2841≥0.15)→地表 / エッジ密度微小(0.0041≤0.008)→雲寄り（参考）
frame_0210.png,210.0,ground_surface,rocky,daytime,color,0.68,73.41,1.6,0.00415,0.14141,0.1827,低〜中輝度(73<125)+color→地表面（可視光の雲面は通常より明るい） / 高周波比率やや高(0.1414)→地表寄り / エッジ密度微小(0.0041≤0.008)→雲寄り（参考）
frame_0213.png,213.0,ground_surface,rocky,daytime,color,0.68,82.21,1.73,0.00424,0.14372,0.1823,低〜中輝度(82<125)+color→地表面（可視光の雲面は通常より明るい） / 高周波比率やや高(0.1437)→地表寄り / エッジ密度微小(0.0042≤0.008)→雲寄り（参考）
frame_0216.png,216.0,ground_surface,rocky,daytime,color,0.76,76.85,1.68,0.00454,0.21383,0.1833,低〜中輝度(77<125)+color→地表面（可視光の雲面は通常より明るい） / 高周波比率高(0.2138≥0.15)→地表 / エッジ密度微小(0.0045≤0.008)→雲寄り（参考）
frame_0219.png,219.0,ground_surface,rocky,daytime,color,0.55,80.75,2.31,0.00584,0.09197,0.1826,低〜中輝度(81<125)+color→地表面（可視光の雲面は通常より明るい） / エッジ密度微小(0.0058≤0.008)→雲寄り（参考）
frame_0222.png,222.0,ground_surface,rocky,daytime,color,0.68,72.68,2.67,0.00719,0.11075,0.1828,低〜中輝度(73<125)+color→地表面（可視光の雲面は通常より明るい） / 高周波比率やや高(0.1108)→地表寄り / エッジ密度微小(0.0072≤0.008)→雲寄り（参考）
frame_0225.png,225.0,ground_surface,rocky,daytime,color,0.76,77.68,1.82,0.00462,0.21823,0.1832,低〜中輝度(78<125)+color→地表面（可視光の雲面は通常より明るい） / 高周波比率高(0.2182≥0.15)→地表 / エッジ密度微小(0.0046≤0.008)→雲寄り（参考）
frame_0228.png,228.0,ground_surface,unknown,daytime,color,0.76,63.59,1.43,0.00411,0.20513,0.1835,低〜中輝度(64<125)+color→地表面（可視光の雲面は通常より明るい） / 高周波比率高(0.2051≥0.15)→地表 / エッジ密度微小(0.0041≤0.008)→雲寄り（参考）
frame_0231.png,231.0,unknown,,daytime,color,0.35,74.7,2.35,0.00545,0.0656,0.1823,低〜中輝度(75<125)+color→地表面（可視光の雲面は通常より明るい） / 高周波比率やや低(0.0656)→雲寄り / エッジ密度微小(0.0055≤0.008)→雲寄り（参考） / スコア同点のため unknown
frame_0234.png,234.0,ground_surface,rocky,daytime,color,0.76,107.55,2.19,0.00511,0.1804,0.1814,低〜中輝度(108<125)+color→地表面（可視光の雲面は通常より明るい） / 高周波比率高(0.1804≥0.15)→地表 / エッジ密度微小(0.0051≤0.008)→雲寄り（参考）
frame_0237.png,237.0,ground_surface,rocky,daytime,color,0.68,78.13,2.18,0.00573,0.14402,0.1834,低〜中輝度(78<125)+color→地表面（可視光の雲面は通常より明るい） / 高周波比率やや高(0.1440)→地表寄り / エッジ密度微小(0.0057≤0.008)→雲寄り（参考）
frame_0240.png,240.0,ground_surface,rocky,daytime,color,0.68,110.58,3.68,0.00877,0.09697,0.1811,低〜中輝度(111<125)+color→地表面（可視光の雲面は通常より明るい）
frame_0243.png,243.0,cloud,,daytime,color,0.55,86.23,2.77,0.00672,0.0308,0.1917,低〜中輝度(86<125)+color→地表面（可視光の雲面は通常より明るい） / 高周波比率低(0.0308≤0.06)→雲 / エッジ密度微小(0.0067≤0.008)→雲寄り（参考）
frame_0246.png,246.0,unknown,,daytime,color,0.35,84.86,2.86,0.00747,0.07813,0.1827,低〜中輝度(85<125)+color→地表面（可視光の雲面は通常より明るい） / 高周波比率やや低(0.0781)→雲寄り / エッジ密度微小(0.0075≤0.008)→雲寄り（参考） / スコア同点のため unknown
frame_0249.png,249.0,ground_surface,rocky,daytime,color,0.68,76.47,2.7,0.0073,0.13725,0.1831,低〜中輝度(76<125)+color→地表面（可視光の雲面は通常より明るい） / 高周波比率やや高(0.1372)→地表寄り / エッジ密度微小(0.0073≤0.008)→雲寄り（参考）
frame_0252.png,252.0,ground_surface,rocky,daytime,color,0.55,67.97,2.83,0.00759,0.08944,0.1827,低〜中輝度(68<125)+color→地表面（可視光の雲面は通常より明るい） / エッジ密度微小(0.0076≤0.008)→雲寄り（参考）
frame_0255.png,255.0,ground_surface,rocky,daytime,color,0.68,78.65,2.71,0.00699,0.11042,0.183,低〜中輝度(79<125)+color→地表面（可視光の雲面は通常より明るい） / 高周波比率やや高(0.1104)→地表寄り / エッジ密度微小(0.0070≤0.008)→雲寄り（参考）
frame_0258.png,258.0,ground_surface,rocky,daytime,color,0.76,91.3,10.16,0.03157,0.09268,0.1838,低〜中輝度(91<125)+color→地表面（可視光の雲面は通常より明るい） / エッジ密度やや高(0.0316)→地表寄り
frame_0261.png,261.0,ground_surface,rocky,daytime,color,0.68,90.26,8.91,0.02716,0.07062,0.1872,低〜中輝度(90<125)+color→地表面（可視光の雲面は通常より明るい） / 高周波比率やや低(0.0706)→雲寄り / エッジ密度やや高(0.0272)→地表寄り
frame_0264.png,264.0,ground_surface,rocky,daytime,color,0.76,89.05,10.68,0.0329,0.08432,0.1828,低〜中輝度(89<125)+color→地表面（可視光の雲面は通常より明るい） / エッジ密度やや高(0.0329)→地表寄り
frame_0267.png,267.0,ground_surface,rocky,daytime,color,0.68,117.12,11.3,0.03374,0.07083,0.1861,低〜中輝度(117<125)+color→地表面（可視光の雲面は通常より明るい） / 高周波比率やや低(0.0708)→雲寄り / エッジ密度やや高(0.0337)→地表寄り
frame_0270.png,270.0,ground_surface,rocky,daytime,color,0.68,103.42,9.39,0.02767,0.06987,0.1827,低〜中輝度(103<125)+color→地表面（可視光の雲面は通常より明るい） / 高周波比率やや低(0.0699)→雲寄り / エッジ密度やや高(0.0277)→地表寄り
frame_0273.png,273.0,ground_surface,rocky,daytime,color,0.55,91.64,10.72,0.03198,0.05866,0.1833,低〜中輝度(92<125)+color→地表面（可視光の雲面は通常より明るい） / 高周波比率低(0.0587≤0.06)→雲 / エッジ密度やや高(0.0320)→地表寄り
frame_0276.png,276.0,ground_surface,rocky,daytime,color,0.76,95.77,10.72,0.03208,0.08179,0.1853,低〜中輝度(96<125)+color→地表面（可視光の雲面は通常より明るい） / エッジ密度やや高(0.0321)→地表寄り
frame_0279.png,279.0,ground_surface,rocky,daytime,color,0.68,105.4,10.71,0.03222,0.07373,0.1932,低〜中輝度(105<125)+color→地表面（可視光の雲面は通常より明るい） / 高周波比率やや低(0.0737)→雲寄り / エッジ密度やや高(0.0322)→地表寄り
frame_0282.png,282.0,ground_surface,rocky,daytime,color,0.55,105.42,9.04,0.02705,0.04204,0.1827,低〜中輝度(105<125)+color→地表面（可視光の雲面は通常より明るい） / 高周波比率低(0.0420≤0.06)→雲 / エッジ密度やや高(0.0271)→地表寄り
frame_0285.png,285.0,ground_surface,rocky,daytime,color,0.55,92.33,9.21,0.02808,0.04402,0.1837,低〜中輝度(92<125)+color→地表面（可視光の雲面は通常より明るい） / 高周波比率低(0.0440≤0.06)→雲 / エッジ密度やや高(0.0281)→地表寄り
frame_0288.png,288.0,ground_surface,rocky,daytime,color,0.76,101.28,10.05,0.03061,0.09923,0.1827,低〜中輝度(101<125)+color→地表面（可視光の雲面は通常より明るい） / エッジ密度やや高(0.0306)→地表寄り
