pair_id,frame_prev,frame_curr,timestamp_prev_s,timestamp_curr_s,mean_diff,std_diff,max_diff,center_mean,hotspot_x,hotspot_y,hotspot_tile_mean,concentration,bright_count_prev,bright_count_curr,bright_cx_prev,bright_cy_prev,bright_cx_curr,bright_cy_curr,position_delta_px,event_type
1,frame_0000.png,frame_0003.png,0.0,3.0,25.276,31.603,232,32.737,800,450,42.98,9.18,16160,15964,616,260,649,263,33.1,OBJECT_MOVE
2,frame_0003.png,frame_0006.png,3.0,6.0,48.81,46.107,238,66.84,1120,270,92.27,4.88,15964,10652,649,263,951,266,302.0,OBJECT_MOVE
3,frame_0006.png,frame_0009.png,6.0,9.0,47.276,43.406,239,54.28,1120,270,75.93,5.06,10652,23747,951,266,594,294,358.1,OBJECT_MOVE
4,frame_0009.png,frame_0012.png,9.0,12.0,29.072,33.246,253,35.272,480,630,45.81,8.7,23747,27556,594,294,592,296,2.8,OBJECT_MOVE
5,frame_0012.png,frame_0015.png,12.0,15.0,50.811,47.341,251,62.608,160,90,71.46,4.94,27556,27066,592,296,551,397,109.0,OBJECT_MOVE
6,frame_0015.png,frame_0018.png,15.0,18.0,50.165,47.429,244,65.687,480,270,71.02,4.86,27066,27659,551,397,618,364,74.7,OBJECT_MOVE
7,frame_0018.png,frame_0021.png,18.0,21.0,49.492,45.908,242,62.977,800,270,70.31,4.89,27659,31914,618,364,615,345,19.2,OBJECT_MOVE
8,frame_0021.png,frame_0024.png,21.0,24.0,44.007,42.288,252,56.671,800,450,63.24,5.73,31914,32004,615,345,636,331,25.2,OBJECT_MOVE
9,frame_0024.png,frame_0027.png,24.0,27.0,48.199,46.103,249,54.614,160,90,91.14,5.17,32004,8451,636,331,612,470,141.1,OBJECT_MOVE
10,frame_0027.png,frame_0030.png,27.0,30.0,44.702,41.413,240,54.562,1120,90,86.6,5.37,8451,36754,612,470,744,286,226.5,OBJECT_MOVE
11,frame_0030.png,frame_0033.png,30.0,33.0,52.57,46.698,248,69.201,480,270,84.91,4.72,36754,19180,744,286,646,286,98.0,OBJECT_MOVE
12,frame_0033.png,frame_0036.png,33.0,36.0,46.949,42.766,244,57.819,480,630,98.89,5.2,19180,18294,646,286,754,303,109.3,OBJECT_MOVE
13,frame_0036.png,frame_0039.png,36.0,39.0,50.334,42.427,240,51.281,160,90,100.1,4.77,18294,363,754,303,709,572,272.7,DISAPPEAR
14,frame_0039.png,frame_0042.png,39.0,42.0,38.32,35.289,223,42.06,1120,450,56.38,5.82,363,12490,709,572,509,430,245.3,APPEAR
15,frame_0042.png,frame_0045.png,42.0,45.0,43.061,40.076,240,41.122,480,630,86.91,5.57,12490,15916,509,430,697,581,241.1,OBJECT_MOVE
16,frame_0045.png,frame_0048.png,45.0,48.0,35.084,34.816,236,37.939,800,630,68.02,6.73,15916,6386,697,581,665,340,243.1,OBJECT_MOVE
17,frame_0048.png,frame_0051.png,48.0,51.0,44.608,42.085,241,49.177,480,630,84.14,5.4,6386,13109,665,340,907,215,272.4,OBJECT_MOVE
18,frame_0051.png,frame_0054.png,51.0,54.0,47.193,46.904,248,61.472,1120,90,77.06,5.26,13109,8286,907,215,646,320,281.3,OBJECT_MOVE
19,frame_0054.png,frame_0057.png,54.0,57.0,47.059,44.339,247,66.394,800,270,86.22,5.25,8286,26946,646,320,838,300,193.0,OBJECT_MOVE
20,frame_0057.png,frame_0060.png,57.0,60.0,40.108,39.012,245,52.968,800,270,59.23,6.11,26946,26405,838,300,890,319,55.4,OBJECT_MOVE
21,frame_0060.png,frame_0063.png,60.0,63.0,46.225,45.759,249,62.54,1120,270,85.24,5.39,26405,24517,890,319,975,89,245.2,OBJECT_MOVE
22,frame_0063.png,frame_0066.png,63.0,66.0,44.339,43.198,248,50.662,800,630,93.67,5.59,24517,28691,975,89,913,201,128.0,OBJECT_MOVE
23,frame_0066.png,frame_0069.png,66.0,69.0,51.253,46.536,238,62.484,800,630,95.93,4.64,28691,9227,913,201,539,236,375.6,OBJECT_MOVE
24,frame_0069.png,frame_0072.png,69.0,72.0,42.894,38.301,237,56.083,800,630,62.2,5.53,9227,4612,539,236,782,332,261.3,OBJECT_MOVE
25,frame_0072.png,frame_0075.png,72.0,75.0,38.07,37.159,216,49.325,1120,450,66.57,5.67,4612,2572,782,332,912,113,254.7,OBJECT_MOVE
26,frame_0075.png,frame_0078.png,75.0,78.0,36.517,36.944,224,41.814,1120,270,60.06,6.13,2572,8641,912,113,973,71,74.1,OBJECT_MOVE
27,frame_0078.png,frame_0081.png,78.0,81.0,51.635,47.034,250,64.043,800,450,94.85,4.84,8641,31203,973,71,811,485,444.6,OBJECT_MOVE
28,frame_0081.png,frame_0084.png,81.0,84.0,47.059,43.992,247,52.14,1120,270,77.43,5.25,31203,7942,811,485,751,483,60.0,OBJECT_MOVE
29,frame_0084.png,frame_0087.png,84.0,87.0,45.679,41.489,220,51.457,160,630,64.96,4.82,7942,2428,751,483,602,355,196.4,OBJECT_MOVE
30,frame_0087.png,frame_0090.png,87.0,90.0,40.501,39.544,202,59.169,800,450,112.2,4.99,2428,9170,602,355,773,432,187.5,OBJECT_MOVE
31,frame_0090.png,frame_0093.png,90.0,93.0,42.48,39.711,232,56.46,800,450,72.36,5.46,9170,13778,773,432,536,349,251.1,OBJECT_MOVE
32,frame_0093.png,frame_0096.png,93.0,96.0,40.788,39.532,233,48.92,800,630,79.11,5.71,13778,3125,536,349,718,168,256.7,DISAPPEAR
33,frame_0096.png,frame_0099.png,96.0,99.0,26.029,27.0,193,30.535,1120,90,44.06,7.41,3125,0,718,168,,,,DISAPPEAR
34,frame_0099.png,frame_0102.png,99.0,102.0,20.754,21.808,161,20.617,1120,90,39.22,7.76,0,14,,,,,,REVIEW_REQUIRED
35,frame_0102.png,frame_0105.png,102.0,105.0,43.614,37.232,209,36.205,800,630,106.01,4.79,14,0,,,,,,CUT
36,frame_0105.png,frame_0108.png,105.0,108.0,31.386,26.276,162,27.158,800,630,60.84,5.16,0,189,,,1213,147,,APPEAR
37,frame_0108.png,frame_0111.png,108.0,111.0,23.486,23.617,151,17.042,160,630,42.94,6.43,189,0,1213,147,,,,DISAPPEAR
38,frame_0111.png,frame_0114.png,111.0,114.0,21.008,22.652,138,17.497,160,90,46.27,6.57,0,0,,,,,,REVIEW_REQUIRED
39,frame_0114.png,frame_0117.png,114.0,117.0,26.96,19.855,155,35.629,480,450,46.18,5.75,0,0,,,,,,REVIEW_REQUIRED
40,frame_0117.png,frame_0120.png,117.0,120.0,32.244,27.072,160,50.894,480,270,74.13,4.96,0,27,,,1279,240,,CUT
41,frame_0120.png,frame_0123.png,120.0,123.0,26.688,25.656,141,22.427,160,90,68.85,5.28,27,0,1279,240,,,,DISAPPEAR
42,frame_0123.png,frame_0126.png,123.0,126.0,44.121,36.352,186,52.595,1120,270,64.17,4.22,0,6677,,,580,448,,APPEAR
43,frame_0126.png,frame_0129.png,126.0,129.0,63.894,53.89,235,66.054,480,630,97.18,3.68,6677,90596,580,448,641,336,127.5,OBJECT_MOVE
44,frame_0129.png,frame_0132.png,129.0,132.0,57.192,52.846,241,70.271,800,270,82.56,4.21,90596,14076,641,336,650,397,61.7,DISAPPEAR
45,frame_0132.png,frame_0135.png,132.0,135.0,23.354,28.451,248,20.704,160,90,42.0,10.62,14076,14670,650,397,643,389,10.6,OBJECT_MOVE
46,frame_0135.png,frame_0138.png,135.0,138.0,40.114,40.445,247,48.234,1120,270,57.03,6.16,14670,15020,643,389,665,383,22.8,OBJECT_MOVE
47,frame_0138.png,frame_0141.png,138.0,141.0,39.336,35.011,206,46.196,480,630,60.49,5.24,15020,240,665,383,1279,197,641.6,DISAPPEAR
48,frame_0141.png,frame_0144.png,141.0,144.0,42.053,37.641,203,65.945,800,450,77.66,4.83,240,25782,1279,197,855,407,473.2,APPEAR
49,frame_0144.png,frame_0147.png,144.0,147.0,29.198,37.631,241,38.877,800,630,62.83,8.25,25782,30896,855,407,826,393,32.2,OBJECT_MOVE
50,frame_0147.png,frame_0150.png,147.0,150.0,23.697,33.075,234,29.168,800,630,51.04,9.87,30896,30757,826,393,845,415,29.1,OBJECT_MOVE
51,frame_0150.png,frame_0153.png,150.0,153.0,21.818,32.074,239,25.812,800,630,37.41,10.95,30757,31848,845,415,852,414,7.1,OBJECT_MOVE
52,frame_0153.png,frame_0156.png,153.0,156.0,20.181,29.485,234,22.484,480,630,40.45,11.6,31848,33085,852,414,862,419,11.2,OBJECT_MOVE
53,frame_0156.png,frame_0159.png,156.0,159.0,20.041,29.119,239,20.938,480,630,41.72,11.93,33085,31914,862,419,864,425,6.3,OBJECT_MOVE
54,frame_0159.png,frame_0162.png,159.0,162.0,20.339,29.497,247,21.838,480,630,40.43,12.14,31914,32609,864,425,866,432,7.3,OBJECT_MOVE
55,frame_0162.png,frame_0165.png,162.0,165.0,21.241,30.168,247,21.912,480,630,41.36,11.63,32609,33562,866,432,851,449,22.7,OBJECT_MOVE
56,frame_0165.png,frame_0168.png,165.0,168.0,20.787,28.975,237,22.617,480,630,41.92,11.4,33562,31470,851,449,842,460,14.2,OBJECT_MOVE
57,frame_0168.png,frame_0171.png,168.0,171.0,21.088,29.159,234,21.705,480,630,39.98,11.1,31470,32899,842,460,837,461,5.1,OBJECT_MOVE
58,frame_0171.png,frame_0174.png,171.0,174.0,21.694,29.645,230,22.527,480,630,40.58,10.6,32899,32948,837,461,837,462,1.0,OBJECT_MOVE
59,frame_0174.png,frame_0177.png,174.0,177.0,21.249,29.05,228,22.115,480,630,37.51,10.73,32948,30552,837,462,840,459,4.2,OBJECT_MOVE
60,frame_0177.png,frame_0180.png,177.0,180.0,21.344,29.158,233,22.827,480,450,34.88,10.92,30552,29061,840,459,843,461,3.6,OBJECT_MOVE
61,frame_0180.png,frame_0183.png,180.0,183.0,21.836,29.571,239,22.652,480,450,38.41,10.95,29061,28520,843,461,835,461,8.0,OBJECT_MOVE
62,frame_0183.png,frame_0186.png,183.0,186.0,22.267,29.896,239,23.482,480,450,39.78,10.73,28520,28957,835,461,824,460,11.0,OBJECT_MOVE
63,frame_0186.png,frame_0189.png,186.0,189.0,22.918,30.79,243,23.991,480,450,41.8,10.6,28957,30743,824,460,813,459,11.0,OBJECT_MOVE
64,frame_0189.png,frame_0192.png,189.0,192.0,22.694,30.419,240,24.7,480,450,41.73,10.58,30743,28489,813,459,797,458,16.0,OBJECT_MOVE
65,frame_0192.png,frame_0195.png,192.0,195.0,22.642,30.581,249,24.705,480,450,41.24,11.0,28489,30254,797,458,793,454,5.7,OBJECT_MOVE
66,frame_0195.png,frame_0198.png,195.0,198.0,22.949,30.777,242,24.49,480,450,40.22,10.55,30254,28432,793,454,778,453,15.0,OBJECT_MOVE
67,frame_0198.png,frame_0201.png,198.0,201.0,23.059,30.782,232,24.788,480,450,37.78,10.06,28432,24124,778,453,766,437,20.0,OBJECT_MOVE
68,frame_0201.png,frame_0204.png,201.0,204.0,30.276,38.431,242,36.14,800,630,71.42,7.99,24124,23993,766,437,761,457,20.6,OBJECT_MOVE
69,frame_0204.png,frame_0207.png,204.0,207.0,31.669,38.887,245,36.722,480,450,53.95,7.74,23993,29654,761,457,769,446,13.6,OBJECT_MOVE
70,frame_0207.png,frame_0210.png,207.0,210.0,42.204,47.16,239,49.132,1120,270,90.86,5.66,29654,32397,769,446,773,439,8.1,OBJECT_MOVE
71,frame_0210.png,frame_0213.png,210.0,213.0,37.666,42.278,233,49.588,480,630,74.58,6.19,32397,29016,773,439,738,430,36.1,OBJECT_MOVE
72,frame_0213.png,frame_0216.png,213.0,216.0,22.349,28.313,225,28.004,480,450,34.33,10.07,29016,28433,738,430,739,434,4.1,OBJECT_MOVE
73,frame_0216.png,frame_0219.png,216.0,219.0,27.617,34.528,239,41.051,800,270,49.76,8.65,28433,29240,739,434,748,456,23.8,OBJECT_MOVE
74,frame_0219.png,frame_0222.png,219.0,222.0,22.181,28.585,241,29.003,480,270,37.55,10.87,29240,29509,748,456,753,461,7.1,OBJECT_MOVE
75,frame_0222.png,frame_0225.png,222.0,225.0,22.644,29.056,236,30.574,480,270,38.04,10.42,29509,28277,753,461,753,471,10.0,OBJECT_MOVE
76,frame_0225.png,frame_0228.png,225.0,228.0,22.12,28.574,231,29.326,480,270,35.85,10.44,28277,27156,753,471,744,481,13.5,OBJECT_MOVE
77,frame_0228.png,frame_0231.png,228.0,231.0,21.822,28.271,226,29.547,480,270,36.16,10.36,27156,27025,744,481,726,491,20.6,OBJECT_MOVE
78,frame_0231.png,frame_0234.png,231.0,234.0,21.843,28.462,241,29.472,480,270,35.36,11.03,27025,25200,726,491,709,501,19.7,OBJECT_MOVE
79,frame_0234.png,frame_0237.png,234.0,237.0,22.285,29.195,235,30.121,480,270,34.78,10.55,25200,26212,709,501,697,504,12.4,OBJECT_MOVE
80,frame_0237.png,frame_0240.png,237.0,240.0,22.721,29.758,229,30.651,160,90,36.28,10.08,26212,26463,697,504,684,504,13.0,OBJECT_MOVE
81,frame_0240.png,frame_0243.png,240.0,243.0,22.74,29.807,234,30.393,160,90,38.66,10.29,26463,26747,684,504,677,504,7.0,OBJECT_MOVE
82,frame_0243.png,frame_0246.png,243.0,246.0,23.455,30.85,234,30.994,160,90,41.43,9.98,26747,28351,677,504,671,502,6.3,OBJECT_MOVE
83,frame_0246.png,frame_0249.png,246.0,249.0,23.491,30.76,234,30.513,160,90,44.34,9.96,28351,28632,671,502,668,500,3.6,OBJECT_MOVE
84,frame_0249.png,frame_0252.png,249.0,252.0,23.492,30.711,233,31.08,160,90,44.48,9.92,28632,28798,668,500,666,498,2.8,OBJECT_MOVE
85,frame_0252.png,frame_0255.png,252.0,255.0,24.156,31.509,246,32.243,160,90,43.32,10.18,28798,29351,666,498,662,496,4.5,OBJECT_MOVE
86,frame_0255.png,frame_0258.png,255.0,258.0,24.001,31.301,233,32.134,160,90,41.98,9.71,29351,29900,662,496,650,497,12.0,OBJECT_MOVE
87,frame_0258.png,frame_0261.png,258.0,261.0,24.439,31.808,234,33.359,160,90,39.87,9.57,29900,29140,650,497,648,495,2.8,OBJECT_MOVE
88,frame_0261.png,frame_0264.png,261.0,264.0,24.12,31.346,232,33.647,800,270,40.98,9.62,29140,31364,648,495,640,494,8.1,OBJECT_MOVE
89,frame_0264.png,frame_0267.png,264.0,267.0,24.36,31.087,229,35.31,800,270,41.8,9.4,31364,32075,640,494,630,485,13.5,OBJECT_MOVE
90,frame_0267.png,frame_0270.png,267.0,270.0,24.201,30.889,216,35.666,800,270,41.9,8.93,32075,34284,630,485,630,478,7.0,OBJECT_MOVE
91,frame_0270.png,frame_0273.png,270.0,273.0,48.467,46.719,243,67.913,480,450,83.77,5.01,34284,14259,630,478,618,542,65.1,OBJECT_MOVE
92,frame_0273.png,frame_0276.png,273.0,276.0,35.241,40.836,238,39.007,800,630,53.21,6.75,14259,16210,618,542,641,454,91.0,OBJECT_MOVE
93,frame_0276.png,frame_0279.png,276.0,279.0,28.892,36.456,229,29.275,800,630,47.87,7.93,16210,18365,641,454,652,508,55.1,OBJECT_MOVE
94,frame_0279.png,frame_0282.png,279.0,282.0,22.665,29.586,237,24.799,480,270,41.46,10.46,18365,21263,652,508,660,524,17.9,OBJECT_MOVE
95,frame_0282.png,frame_0285.png,282.0,285.0,22.831,29.99,238,24.414,480,270,42.7,10.42,21263,23248,660,524,657,524,3.0,OBJECT_MOVE
96,frame_0285.png,frame_0288.png,285.0,288.0,22.602,29.786,245,24.089,480,270,42.64,10.84,23248,25530,657,524,659,531,7.3,OBJECT_MOVE
