pdf_file,page_number,confidence_estimate,extracted_char_count,review_required,challenge_reason
2024-04-30-composite-sketch,1,95.0,0,true,0字・conf=95.0（白紙/図版判定）
255_413270_ufo's_and_defense_what_should_we_prepare_for,1,95.0,0,true,0字・conf=95.0（白紙/図版判定）
255_t_763_r1b_transcripts,2,37.2,78,true,review=trueかつconf=37.2<40
255_t_763_r1b_transcripts,4,95.0,0,true,0字・conf=95.0（白紙/図版判定）
341_110677_numerical_file_5-2500,2,95.0,0,true,0字・conf=95.0（白紙/図版判定）
341_110677_numerical_file_5-2500,4,95.0,0,true,0字・conf=95.0（白紙/図版判定）
341_110677_numerical_file_5-2500,5,17.5,222,true,review=trueかつconf=17.5<40
341_110677_numerical_file_5-2500,6,26.6,62,true,conf=26.6<30かつchar=62<100
341_110677_numerical_file_5-2500,7,20.4,80,true,conf=20.4<30かつchar=80<100
341_110677_numerical_file_5-2500,8,95.0,0,true,0字・conf=95.0（白紙/図版判定）
341_110677_numerical_file_5-2500,9,27.6,39,true,conf=27.6<30かつchar=39<100
341_110677_numerical_file_5-2500,10,95.0,0,true,0字・conf=95.0（白紙/図版判定）
342_hs1-416511228_box186_319.1-flying-discs-1949,7,95.0,0,true,0字・conf=95.0（白紙/図版判定）
342_hs1-416511228_box186_319.1-flying-discs-1949,13,38.9,65,true,review=trueかつconf=38.9<40
342_hs1-416511228_box186_319.1-flying-discs-1949,21,36.6,63,true,review=trueかつconf=36.6<40
342_hs1-416511228_box186_319.1-flying-discs-1949,22,95.0,0,true,0字・conf=95.0（白紙/図版判定）
342_hs1-416511228_box186_319.1-flying-discs-1949,23,95.0,0,true,0字・conf=95.0（白紙/図版判定）
342_hs1-416511228_box186_319.1-flying-discs-1949,24,95.0,0,true,0字・conf=95.0（白紙/図版判定）
342_hs1-416511228_box186_319.1-flying-discs-1949,34,95.0,0,true,0字・conf=95.0（白紙/図版判定）
342_hs1-416511228_box186_319.1-flying-discs-1949,42,95.0,0,true,0字・conf=95.0（白紙/図版判定）
342_hs1-416511228_box186_319.1-flying-discs-1949,45,n/a,0,true,0字・conf=0（Tesseract未取得）
342_hs1-416511228_box186_319.1-flying-discs-1949,47,95.0,0,true,0字・conf=95.0（白紙/図版判定）
342_hs1-416511228_box186_319.1-flying-discs-1949,49,95.0,0,true,0字・conf=95.0（白紙/図版判定）
342_hs1-416511228_box186_319.1-flying-discs-1949,51,95.0,0,true,0字・conf=95.0（白紙/図版判定）
342_hs1-416511228_box186_319.1-flying-discs-1949,52,95.0,0,true,0字・conf=95.0（白紙/図版判定）
342_hs1-416511228_box186_319.1-flying-discs-1949,61,95.0,0,true,0字・conf=95.0（白紙/図版判定）
342_hs1-416511228_box186_319.1-flying-discs-1949,66,31.7,53,true,review=trueかつconf=31.7<40
342_hs1-416511228_box186_319.1-flying-discs-1949,68,31.6,47,true,review=trueかつconf=31.6<40
342_hs1-416511228_box186_319.1-flying-discs-1949,72,95.0,0,true,0字・conf=95.0（白紙/図版判定）
342_hs1-416511228_box186_319.1-flying-discs-1949,74,95.0,0,true,0字・conf=95.0（白紙/図版判定）
342_hs1-416511228_box186_319.1-flying-discs-1949,76,95.0,0,true,0字・conf=95.0（白紙/図版判定）
342_hs1-416511228_box186_319.1-flying-discs-1949,78,95.0,0,true,0字・conf=95.0（白紙/図版判定）
342_hs1-416511228_box186_319.1-flying-discs-1949,82,95.0,0,true,0字・conf=95.0（白紙/図版判定）
342_hs1-416511228_box186_319.1-flying-discs-1949,89,95.0,0,true,0字・conf=95.0（白紙/図版判定）
342_hs1-416511228_box186_319.1-flying-discs-1949,96,95.0,0,true,0字・conf=95.0（白紙/図版判定）
342_hs1-416511228_box186_319.1-flying-discs-1949,102,95.0,0,true,0字・conf=95.0（白紙/図版判定）
342_hs1-416511228_box186_319.1-flying-discs-1949,114,95.0,0,true,0字・conf=95.0（白紙/図版判定）
342_hs1-416511228_box186_319.1-flying-discs-1949,119,95.0,0,true,0字・conf=95.0（白紙/図版判定）
342_hs1-416511228_box186_319.1-flying-discs-1949,127,32.1,30,true,review=trueかつconf=32.1<40
342_hs1-416511228_box186_319.1-flying-discs-1949,143,95.0,0,true,0字・conf=95.0（白紙/図版判定）
38_143685_box7_incident_summaries_1-100,4,95.0,0,true,0字・conf=95.0（白紙/図版判定）
38_143685_box7_incident_summaries_1-100,6,95.0,0,true,0字・conf=95.0（白紙/図版判定）
38_143685_box7_incident_summaries_1-100,7,95.0,0,true,0字・conf=95.0（白紙/図版判定）
38_143685_box7_incident_summaries_1-100,14,22.7,28,true,conf=22.7<30かつchar=28<100
38_143685_box7_incident_summaries_1-100,18,n/a,0,true,0字・conf=0（Tesseract未取得）
38_143685_box7_incident_summaries_1-100,20,95.0,0,true,0字・conf=95.0（白紙/図版判定）
38_143685_box7_incident_summaries_1-100,28,95.0,0,true,0字・conf=95.0（白紙/図版判定）
38_143685_box7_incident_summaries_1-100,30,95.0,0,true,0字・conf=95.0（白紙/図版判定）
38_143685_box7_incident_summaries_1-100,32,n/a,0,true,0字・conf=0（Tesseract未取得）
38_143685_box7_incident_summaries_1-100,39,95.0,0,true,0字・conf=95.0（白紙/図版判定）
38_143685_box7_incident_summaries_1-100,43,33.7,21,true,review=trueかつconf=33.7<40
38_143685_box7_incident_summaries_1-100,45,13.3,66,true,conf=13.3<30かつchar=66<100
38_143685_box7_incident_summaries_1-100,49,35.3,20,true,review=trueかつconf=35.3<40
38_143685_box7_incident_summaries_1-100,50,95.0,0,true,0字・conf=95.0（白紙/図版判定）
38_143685_box7_incident_summaries_1-100,51,95.0,0,true,0字・conf=95.0（白紙/図版判定）
38_143685_box7_incident_summaries_1-100,53,95.0,0,true,0字・conf=95.0（白紙/図版判定）
38_143685_box7_incident_summaries_1-100,55,95.0,0,true,0字・conf=95.0（白紙/図版判定）
38_143685_box7_incident_summaries_1-100,59,95.0,0,true,0字・conf=95.0（白紙/図版判定）
38_143685_box7_incident_summaries_1-100,64,95.0,0,true,0字・conf=95.0（白紙/図版判定）
38_143685_box7_incident_summaries_1-100,124,95.0,0,true,0字・conf=95.0（白紙/図版判定）
38_143685_box7_incident_summaries_1-100,131,n/a,0,true,0字・conf=0（Tesseract未取得）
38_143685_box7_incident_summaries_1-100,136,95.0,0,true,0字・conf=95.0（白紙/図版判定）
38_143685_box7_incident_summaries_1-100,138,95.0,0,true,0字・conf=95.0（白紙/図版判定）
38_143685_box7_incident_summaries_1-100,146,25.5,95,true,conf=25.5<30かつchar=95<100
38_143685_box7_incident_summaries_1-100,150,95.0,0,true,0字・conf=95.0（白紙/図版判定）
38_143685_box7_incident_summaries_1-100,155,n/a,0,true,0字・conf=0（Tesseract未取得）
38_143685_box7_incident_summaries_1-100,162,25.8,165,true,review=trueかつconf=25.8<40
38_143685_box7_incident_summaries_1-100,164,20.5,53,true,conf=20.5<30かつchar=53<100
38_143685_box7_incident_summaries_1-100,172,n/a,0,true,0字・conf=0（Tesseract未取得）
38_143685_box7_incident_summaries_1-100,174,17.8,77,true,conf=17.8<30かつchar=77<100
38_143685_box7_incident_summaries_1-100,176,33.4,93,true,review=trueかつconf=33.4<40
38_143685_box7_incident_summaries_1-100,188,n/a,0,true,0字・conf=0（Tesseract未取得）
38_143685_box7_incident_summaries_1-100,190,39.3,44,true,review=trueかつconf=39.3<40
38_143685_box7_incident_summaries_1-100,194,21.2,237,true,review=trueかつconf=21.2<40
38_143685_box7_incident_summaries_1-100,209,95.0,0,true,0字・conf=95.0（白紙/図版判定）
38_143685_box7_incident_summaries_101-172,1,95.0,0,true,0字・conf=95.0（白紙/図版判定）
38_143685_box7_incident_summaries_101-172,21,95.0,0,true,0字・conf=95.0（白紙/図版判定）
38_143685_box7_incident_summaries_101-172,27,95.0,0,true,0字・conf=95.0（白紙/図版判定）
38_143685_box7_incident_summaries_101-172,44,n/a,0,true,0字・conf=0（Tesseract未取得）
38_143685_box7_incident_summaries_101-172,51,95.0,0,true,0字・conf=95.0（白紙/図版判定）
38_143685_box7_incident_summaries_101-172,82,95.0,0,true,0字・conf=95.0（白紙/図版判定）
38_143685_box7_incident_summaries_101-172,86,95.0,0,true,0字・conf=95.0（白紙/図版判定）
38_143685_box7_incident_summaries_101-172,97,95.0,0,true,0字・conf=95.0（白紙/図版判定）
38_143685_box7_incident_summaries_101-172,113,95.0,0,true,0字・conf=95.0（白紙/図版判定）
38_143685_box7_incident_summaries_101-172,122,n/a,0,true,0字・conf=0（Tesseract未取得）
38_143685_box7_incident_summaries_101-172,126,n/a,0,true,0字・conf=0（Tesseract未取得）
38_143685_box7_incident_summaries_101-172,133,95.0,0,true,0字・conf=95.0（白紙/図版判定）
38_143685_box7_incident_summaries_101-172,134,95.0,0,true,0字・conf=95.0（白紙/図版判定）
38_143685_box7_incident_summaries_101-172,137,95.0,0,true,0字・conf=95.0（白紙/図版判定）
38_143685_box7_incident_summaries_101-172,167,95.0,0,true,0字・conf=95.0（白紙/図版判定）
38_143685_box7_incident_summaries_101-172,177,95.0,0,true,0字・conf=95.0（白紙/図版判定）
38_143685_box7_incident_summaries_101-172,178,95.0,0,true,0字・conf=95.0（白紙/図版判定）
38_143685_box7_incident_summaries_173-233,20,95.0,0,true,0字・conf=95.0（白紙/図版判定）
38_143685_box7_incident_summaries_173-233,43,36.0,147,true,review=trueかつconf=36.0<40
38_143685_box7_incident_summaries_173-233,50,95.0,0,true,0字・conf=95.0（白紙/図版判定）
38_143685_box7_incident_summaries_173-233,74,38.6,218,true,review=trueかつconf=38.6<40
38_143685_box7_incident_summaries_173-233,77,95.0,0,true,0字・conf=95.0（白紙/図版判定）
38_143685_box7_incident_summaries_173-233,98,95.0,0,true,0字・conf=95.0（白紙/図版判定）
38_143685_box7_incident_summaries_173-233,144,95.0,0,true,0字・conf=95.0（白紙/図版判定）
65_hs1-834228961_62-hq-83894_section_1,3,95.0,0,true,0字・conf=95.0（白紙/図版判定）
65_hs1-834228961_62-hq-83894_section_1,5,95.0,0,true,0字・conf=95.0（白紙/図版判定）
65_hs1-834228961_62-hq-83894_section_1,6,95.0,0,true,0字・conf=95.0（白紙/図版判定）
65_hs1-834228961_62-hq-83894_section_1,11,95.0,0,true,0字・conf=95.0（白紙/図版判定）
65_hs1-834228961_62-hq-83894_section_1,12,95.0,0,true,0字・conf=95.0（白紙/図版判定）
65_hs1-834228961_62-hq-83894_section_1,13,95.0,0,true,0字・conf=95.0（白紙/図版判定）
65_hs1-834228961_62-hq-83894_section_1,14,95.0,0,true,0字・conf=95.0（白紙/図版判定）
65_hs1-834228961_62-hq-83894_section_1,17,95.0,0,true,0字・conf=95.0（白紙/図版判定）
65_hs1-834228961_62-hq-83894_section_1,18,95.0,0,true,0字・conf=95.0（白紙/図版判定）
65_hs1-834228961_62-hq-83894_section_1,21,95.0,0,true,0字・conf=95.0（白紙/図版判定）
65_hs1-834228961_62-hq-83894_section_1,22,95.0,0,true,0字・conf=95.0（白紙/図版判定）
65_hs1-834228961_62-hq-83894_section_1,25,33.8,43,true,review=trueかつconf=33.8<40
65_hs1-834228961_62-hq-83894_section_1,26,95.0,0,true,0字・conf=95.0（白紙/図版判定）
65_hs1-834228961_62-hq-83894_section_1,27,95.0,0,true,0字・conf=95.0（白紙/図版判定）
65_hs1-834228961_62-hq-83894_section_1,28,95.0,0,true,0字・conf=95.0（白紙/図版判定）
65_hs1-834228961_62-hq-83894_section_1,29,95.0,0,true,0字・conf=95.0（白紙/図版判定）
65_hs1-834228961_62-hq-83894_section_1,30,95.0,0,true,0字・conf=95.0（白紙/図版判定）
65_hs1-834228961_62-hq-83894_section_1,31,95.0,0,true,0字・conf=95.0（白紙/図版判定）
65_hs1-834228961_62-hq-83894_section_1,32,95.0,0,true,0字・conf=95.0（白紙/図版判定）
65_hs1-834228961_62-hq-83894_section_1,33,95.0,0,true,0字・conf=95.0（白紙/図版判定）
65_hs1-834228961_62-hq-83894_section_1,39,95.0,0,true,0字・conf=95.0（白紙/図版判定）
65_hs1-834228961_62-hq-83894_section_1,41,95.0,0,true,0字・conf=95.0（白紙/図版判定）
65_hs1-834228961_62-hq-83894_section_1,43,95.0,0,true,0字・conf=95.0（白紙/図版判定）
65_hs1-834228961_62-hq-83894_section_1,48,95.0,0,true,0字・conf=95.0（白紙/図版判定）
65_hs1-834228961_62-hq-83894_section_1,57,95.0,0,true,0字・conf=95.0（白紙/図版判定）
65_hs1-834228961_62-hq-83894_section_1,58,95.0,0,true,0字・conf=95.0（白紙/図版判定）
65_hs1-834228961_62-hq-83894_section_1,60,25.6,90,true,conf=25.6<30かつchar=90<100
65_hs1-834228961_62-hq-83894_section_1,61,95.0,0,true,0字・conf=95.0（白紙/図版判定）
65_hs1-834228961_62-hq-83894_section_1,63,24.4,71,true,conf=24.4<30かつchar=71<100
65_hs1-834228961_62-hq-83894_section_1,65,95.0,0,true,0字・conf=95.0（白紙/図版判定）
65_hs1-834228961_62-hq-83894_section_1,69,31.6,61,true,review=trueかつconf=31.6<40
65_hs1-834228961_62-hq-83894_section_1,72,95.0,0,true,0字・conf=95.0（白紙/図版判定）
65_hs1-834228961_62-hq-83894_section_1,73,27.5,46,true,conf=27.5<30かつchar=46<100
65_hs1-834228961_62-hq-83894_section_1,75,36.9,37,true,review=trueかつconf=36.9<40
65_hs1-834228961_62-hq-83894_section_1,76,38.6,163,true,review=trueかつconf=38.6<40
65_hs1-834228961_62-hq-83894_section_1,77,28.6,33,true,conf=28.6<30かつchar=33<100
65_hs1-834228961_62-hq-83894_section_1,78,95.0,0,true,0字・conf=95.0（白紙/図版判定）
65_hs1-834228961_62-hq-83894_section_1,82,95.0,0,true,0字・conf=95.0（白紙/図版判定）
65_hs1-834228961_62-hq-83894_section_1,84,37.2,34,true,review=trueかつconf=37.2<40
65_hs1-834228961_62-hq-83894_section_1,86,34.5,100,true,review=trueかつconf=34.5<40
65_hs1-834228961_62-hq-83894_section_1,87,95.0,0,true,0字・conf=95.0（白紙/図版判定）
65_hs1-834228961_62-hq-83894_section_1,88,95.0,0,true,0字・conf=95.0（白紙/図版判定）
65_hs1-834228961_62-hq-83894_section_1,90,95.0,0,true,0字・conf=95.0（白紙/図版判定）
65_hs1-834228961_62-hq-83894_section_1,92,95.0,0,true,0字・conf=95.0（白紙/図版判定）
65_hs1-834228961_62-hq-83894_section_1,95,95.0,0,true,0字・conf=95.0（白紙/図版判定）
65_hs1-834228961_62-hq-83894_section_1,98,95.0,0,true,0字・conf=95.0（白紙/図版判定）
65_hs1-834228961_62-hq-83894_section_1,101,95.0,0,true,0字・conf=95.0（白紙/図版判定）
65_hs1-834228961_62-hq-83894_section_1,102,95.0,0,true,0字・conf=95.0（白紙/図版判定）
65_hs1-834228961_62-hq-83894_section_1,108,95.0,0,true,0字・conf=95.0（白紙/図版判定）
65_hs1-834228961_62-hq-83894_section_1,111,95.0,0,true,0字・conf=95.0（白紙/図版判定）
65_hs1-834228961_62-hq-83894_section_1,113,29.4,123,true,review=trueかつconf=29.4<40
65_hs1-834228961_62-hq-83894_section_1,116,95.0,0,true,0字・conf=95.0（白紙/図版判定）
65_hs1-834228961_62-hq-83894_section_1,118,95.0,0,true,0字・conf=95.0（白紙/図版判定）
65_hs1-834228961_62-hq-83894_section_1,120,95.0,0,true,0字・conf=95.0（白紙/図版判定）
65_hs1-834228961_62-hq-83894_section_1,133,35.5,125,true,review=trueかつconf=35.5<40
65_hs1-834228961_62-hq-83894_section_1,135,95.0,0,true,0字・conf=95.0（白紙/図版判定）
65_hs1-834228961_62-hq-83894_section_1,138,95.0,0,true,0字・conf=95.0（白紙/図版判定）
65_hs1-834228961_62-hq-83894_section_1,140,29.2,23,true,conf=29.2<30かつchar=23<100
65_hs1-834228961_62-hq-83894_section_1,142,23.0,28,true,conf=23.0<30かつchar=28<100
65_hs1-834228961_62-hq-83894_section_1,144,95.0,0,true,0字・conf=95.0（白紙/図版判定）
65_hs1-834228961_62-hq-83894_section_1,146,95.0,0,true,0字・conf=95.0（白紙/図版判定）
65_hs1-834228961_62-hq-83894_section_1,148,95.0,0,true,0字・conf=95.0（白紙/図版判定）
65_hs1-834228961_62-hq-83894_section_1,150,22.9,49,true,conf=22.9<30かつchar=49<100
65_hs1-834228961_62-hq-83894_section_1,152,95.0,0,true,0字・conf=95.0（白紙/図版判定）
65_hs1-834228961_62-hq-83894_section_1,156,95.0,0,true,0字・conf=95.0（白紙/図版判定）
65_hs1-834228961_62-hq-83894_section_1,158,31.7,7,true,review=trueかつconf=31.7<40
65_hs1-834228961_62-hq-83894_section_1,164,95.0,0,true,0字・conf=95.0（白紙/図版判定）
65_hs1-834228961_62-hq-83894_section_1,166,95.0,0,true,0字・conf=95.0（白紙/図版判定）
65_hs1-834228961_62-hq-83894_section_1,168,95.0,0,true,0字・conf=95.0（白紙/図版判定）
65_hs1-834228961_62-hq-83894_section_1,174,n/a,0,true,0字・conf=0（Tesseract未取得）
65_hs1-834228961_62-hq-83894_section_1,175,95.0,0,true,0字・conf=95.0（白紙/図版判定）
65_hs1-834228961_62-hq-83894_section_1,176,95.0,0,true,0字・conf=95.0（白紙/図版判定）
65_hs1-834228961_62-hq-83894_section_1,179,39.7,142,true,review=trueかつconf=39.7<40
65_hs1-834228961_62-hq-83894_section_1,181,35.4,61,true,review=trueかつconf=35.4<40
65_hs1-834228961_62-hq-83894_section_1,185,31.7,5,true,review=trueかつconf=31.7<40
65_hs1-834228961_62-hq-83894_section_10,1,95.0,0,true,0字・conf=95.0（白紙/図版判定）
65_hs1-834228961_62-hq-83894_section_10,3,95.0,0,true,0字・conf=95.0（白紙/図版判定）
65_hs1-834228961_62-hq-83894_section_10,5,35.3,1014,true,review=trueかつconf=35.3<40
65_hs1-834228961_62-hq-83894_section_10,7,95.0,0,true,0字・conf=95.0（白紙/図版判定）
65_hs1-834228961_62-hq-83894_section_10,19,32.9,44,true,review=trueかつconf=32.9<40
65_hs1-834228961_62-hq-83894_section_10,21,95.0,0,true,0字・conf=95.0（白紙/図版判定）
65_hs1-834228961_62-hq-83894_section_10,23,95.0,0,true,0字・conf=95.0（白紙/図版判定）
65_hs1-834228961_62-hq-83894_section_10,34,95.0,0,true,0字・conf=95.0（白紙/図版判定）
65_hs1-834228961_62-hq-83894_section_10,40,95.0,0,true,0字・conf=95.0（白紙/図版判定）
65_hs1-834228961_62-hq-83894_section_10,41,95.0,0,true,0字・conf=95.0（白紙/図版判定）
65_hs1-834228961_62-hq-83894_section_10,43,95.0,0,true,0字・conf=95.0（白紙/図版判定）
65_hs1-834228961_62-hq-83894_section_10,46,35.3,499,true,review=trueかつconf=35.3<40
65_hs1-834228961_62-hq-83894_section_10,50,95.0,0,true,0字・conf=95.0（白紙/図版判定）
65_hs1-834228961_62-hq-83894_section_10,52,95.0,0,true,0字・conf=95.0（白紙/図版判定）
65_hs1-834228961_62-hq-83894_section_10,53,38.8,474,true,review=trueかつconf=38.8<40
65_hs1-834228961_62-hq-83894_section_10,67,95.0,0,true,0字・conf=95.0（白紙/図版判定）
65_hs1-834228961_62-hq-83894_section_10,70,22.9,19,true,conf=22.9<30かつchar=19<100
65_hs1-834228961_62-hq-83894_section_10,74,39.9,52,true,review=trueかつconf=39.9<40
65_hs1-834228961_62-hq-83894_section_10,78,39.6,240,true,review=trueかつconf=39.6<40
65_hs1-834228961_62-hq-83894_section_10,95,26.5,129,true,review=trueかつconf=26.5<40
65_hs1-834228961_62-hq-83894_section_10,97,95.0,0,true,0字・conf=95.0（白紙/図版判定）
65_hs1-834228961_62-hq-83894_section_10,115,34.1,49,true,review=trueかつconf=34.1<40
65_hs1-834228961_62-hq-83894_section_10,117,95.0,0,true,0字・conf=95.0（白紙/図版判定）
65_hs1-834228961_62-hq-83894_section_10,118,95.0,0,true,0字・conf=95.0（白紙/図版判定）
65_hs1-834228961_62-hq-83894_section_10,120,95.0,0,true,0字・conf=95.0（白紙/図版判定）
65_hs1-834228961_62-hq-83894_section_10,122,32.7,40,true,review=trueかつconf=32.7<40
65_hs1-834228961_62-hq-83894_section_10,125,95.0,0,true,0字・conf=95.0（白紙/図版判定）
65_hs1-834228961_62-hq-83894_section_10,128,30.0,26,true,review=trueかつconf=30.0<40
65_hs1-834228961_62-hq-83894_section_10,137,95.0,0,true,0字・conf=95.0（白紙/図版判定）
65_hs1-834228961_62-hq-83894_section_10,139,95.0,0,true,0字・conf=95.0（白紙/図版判定）
65_hs1-834228961_62-hq-83894_section_10,141,30.7,233,true,review=trueかつconf=30.7<40
65_hs1-834228961_62-hq-83894_section_10,143,32.4,122,true,review=trueかつconf=32.4<40
65_hs1-834228961_62-hq-83894_section_10,155,35.9,128,true,review=trueかつconf=35.9<40
65_hs1-834228961_62-hq-83894_section_10,156,95.0,0,true,0字・conf=95.0（白紙/図版判定）
65_hs1-834228961_62-hq-83894_section_10,165,95.0,0,true,0字・conf=95.0（白紙/図版判定）
65_hs1-834228961_62-hq-83894_section_10,166,35.3,792,true,review=trueかつconf=35.3<40
65_hs1-834228961_62-hq-83894_section_10,181,95.0,0,true,0字・conf=95.0（白紙/図版判定）
65_hs1-834228961_62-hq-83894_section_10,184,37.5,170,true,review=trueかつconf=37.5<40
65_hs1-834228961_62-hq-83894_section_2,3,95.0,0,true,0字・conf=95.0（白紙/図版判定）
65_hs1-834228961_62-hq-83894_section_2,5,95.0,0,true,0字・conf=95.0（白紙/図版判定）
65_hs1-834228961_62-hq-83894_section_2,9,31.4,100,true,review=trueかつconf=31.4<40
65_hs1-834228961_62-hq-83894_section_2,13,95.0,0,true,0字・conf=95.0（白紙/図版判定）
65_hs1-834228961_62-hq-83894_section_2,14,95.0,0,true,0字・conf=95.0（白紙/図版判定）
65_hs1-834228961_62-hq-83894_section_2,16,38.7,43,true,review=trueかつconf=38.7<40
65_hs1-834228961_62-hq-83894_section_2,25,21.6,35,true,conf=21.6<30かつchar=35<100
65_hs1-834228961_62-hq-83894_section_2,27,18.6,41,true,conf=18.6<30かつchar=41<100
65_hs1-834228961_62-hq-83894_section_2,29,95.0,0,true,0字・conf=95.0（白紙/図版判定）
65_hs1-834228961_62-hq-83894_section_2,30,95.0,0,true,0字・conf=95.0（白紙/図版判定）
65_hs1-834228961_62-hq-83894_section_2,32,95.0,0,true,0字・conf=95.0（白紙/図版判定）
65_hs1-834228961_62-hq-83894_section_2,34,29.3,253,true,review=trueかつconf=29.3<40
65_hs1-834228961_62-hq-83894_section_2,35,95.0,0,true,0字・conf=95.0（白紙/図版判定）
65_hs1-834228961_62-hq-83894_section_2,37,95.0,0,true,0字・conf=95.0（白紙/図版判定）
65_hs1-834228961_62-hq-83894_section_2,39,95.0,0,true,0字・conf=95.0（白紙/図版判定）
65_hs1-834228961_62-hq-83894_section_2,40,95.0,0,true,0字・conf=95.0（白紙/図版判定）
65_hs1-834228961_62-hq-83894_section_2,41,95.0,0,true,0字・conf=95.0（白紙/図版判定）
65_hs1-834228961_62-hq-83894_section_2,45,95.0,0,true,0字・conf=95.0（白紙/図版判定）
65_hs1-834228961_62-hq-83894_section_2,47,95.0,0,true,0字・conf=95.0（白紙/図版判定）
65_hs1-834228961_62-hq-83894_section_2,53,95.0,0,true,0字・conf=95.0（白紙/図版判定）
65_hs1-834228961_62-hq-83894_section_2,56,95.0,0,true,0字・conf=95.0（白紙/図版判定）
65_hs1-834228961_62-hq-83894_section_2,60,36.1,46,true,review=trueかつconf=36.1<40
65_hs1-834228961_62-hq-83894_section_2,62,32.2,37,true,review=trueかつconf=32.2<40
65_hs1-834228961_62-hq-83894_section_2,65,95.0,0,true,0字・conf=95.0（白紙/図版判定）
65_hs1-834228961_62-hq-83894_section_2,67,95.0,0,true,0字・conf=95.0（白紙/図版判定）
65_hs1-834228961_62-hq-83894_section_2,69,95.0,0,true,0字・conf=95.0（白紙/図版判定）
65_hs1-834228961_62-hq-83894_section_2,71,95.0,0,true,0字・conf=95.0（白紙/図版判定）
65_hs1-834228961_62-hq-83894_section_2,72,95.0,0,true,0字・conf=95.0（白紙/図版判定）
65_hs1-834228961_62-hq-83894_section_2,73,32.9,32,true,review=trueかつconf=32.9<40
65_hs1-834228961_62-hq-83894_section_2,74,30.6,18,true,review=trueかつconf=30.6<40
65_hs1-834228961_62-hq-83894_section_2,76,95.0,0,true,0字・conf=95.0（白紙/図版判定）
65_hs1-834228961_62-hq-83894_section_2,77,95.0,0,true,0字・conf=95.0（白紙/図版判定）
65_hs1-834228961_62-hq-83894_section_2,79,95.0,0,true,0字・conf=95.0（白紙/図版判定）
65_hs1-834228961_62-hq-83894_section_2,81,95.0,0,true,0字・conf=95.0（白紙/図版判定）
65_hs1-834228961_62-hq-83894_section_2,83,95.0,0,true,0字・conf=95.0（白紙/図版判定）
65_hs1-834228961_62-hq-83894_section_2,85,95.0,0,true,0字・conf=95.0（白紙/図版判定）
65_hs1-834228961_62-hq-83894_section_2,87,95.0,0,true,0字・conf=95.0（白紙/図版判定）
65_hs1-834228961_62-hq-83894_section_2,89,95.0,0,true,0字・conf=95.0（白紙/図版判定）
65_hs1-834228961_62-hq-83894_section_2,93,29.2,40,true,conf=29.2<30かつchar=40<100
65_hs1-834228961_62-hq-83894_section_2,95,95.0,0,true,0字・conf=95.0（白紙/図版判定）
65_hs1-834228961_62-hq-83894_section_2,97,95.0,0,true,0字・conf=95.0（白紙/図版判定）
65_hs1-834228961_62-hq-83894_section_2,101,95.0,0,true,0字・conf=95.0（白紙/図版判定）
65_hs1-834228961_62-hq-83894_section_2,103,37.8,43,true,review=trueかつconf=37.8<40
65_hs1-834228961_62-hq-83894_section_2,105,95.0,0,true,0字・conf=95.0（白紙/図版判定）
65_hs1-834228961_62-hq-83894_section_2,109,95.0,0,true,0字・conf=95.0（白紙/図版判定）
65_hs1-834228961_62-hq-83894_section_2,110,95.0,0,true,0字・conf=95.0（白紙/図版判定）
65_hs1-834228961_62-hq-83894_section_2,112,24.4,52,true,conf=24.4<30かつchar=52<100
65_hs1-834228961_62-hq-83894_section_2,114,30.2,115,true,review=trueかつconf=30.2<40
65_hs1-834228961_62-hq-83894_section_2,116,95.0,0,true,0字・conf=95.0（白紙/図版判定）
65_hs1-834228961_62-hq-83894_section_2,120,95.0,0,true,0字・conf=95.0（白紙/図版判定）
65_hs1-834228961_62-hq-83894_section_2,126,38.5,122,true,review=trueかつconf=38.5<40
65_hs1-834228961_62-hq-83894_section_2,128,95.0,0,true,0字・conf=95.0（白紙/図版判定）
65_hs1-834228961_62-hq-83894_section_2,133,30.9,71,true,review=trueかつconf=30.9<40
65_hs1-834228961_62-hq-83894_section_2,135,28.0,41,true,conf=28.0<30かつchar=41<100
65_hs1-834228961_62-hq-83894_section_2,136,28.4,94,true,conf=28.4<30かつchar=94<100
65_hs1-834228961_62-hq-83894_section_2,137,31.6,242,true,review=trueかつconf=31.6<40
65_hs1-834228961_62-hq-83894_section_2,139,15.8,46,true,conf=15.8<30かつchar=46<100
65_hs1-834228961_62-hq-83894_section_2,141,33.7,50,true,review=trueかつconf=33.7<40
65_hs1-834228961_62-hq-83894_section_2,143,30.7,58,true,review=trueかつconf=30.7<40
65_hs1-834228961_62-hq-83894_section_2,147,33.3,84,true,review=trueかつconf=33.3<40
65_hs1-834228961_62-hq-83894_section_2,149,34.0,20,true,review=trueかつconf=34.0<40
65_hs1-834228961_62-hq-83894_section_2,155,95.0,0,true,0字・conf=95.0（白紙/図版判定）
65_hs1-834228961_62-hq-83894_section_2,158,95.0,0,true,0字・conf=95.0（白紙/図版判定）
65_hs1-834228961_62-hq-83894_section_2,170,95.0,0,true,0字・conf=95.0（白紙/図版判定）
65_hs1-834228961_62-hq-83894_section_2,178,27.5,51,true,conf=27.5<30かつchar=51<100
65_hs1-834228961_62-hq-83894_section_2,181,33.0,43,true,review=trueかつconf=33.0<40
65_hs1-834228961_62-hq-83894_section_2,185,25.5,51,true,conf=25.5<30かつchar=51<100
65_hs1-834228961_62-hq-83894_section_2,186,95.0,0,true,0字・conf=95.0（白紙/図版判定）
65_hs1-834228961_62-hq-83894_section_2,187,n/a,0,true,0字・conf=0（Tesseract未取得）
65_hs1-834228961_62-hq-83894_section_2,191,38.1,52,true,review=trueかつconf=38.1<40
65_hs1-834228961_62-hq-83894_section_3,7,95.0,0,true,0字・conf=95.0（白紙/図版判定）
65_hs1-834228961_62-hq-83894_section_3,20,95.0,0,true,0字・conf=95.0（白紙/図版判定）
65_hs1-834228961_62-hq-83894_section_3,21,95.0,0,true,0字・conf=95.0（白紙/図版判定）
65_hs1-834228961_62-hq-83894_section_3,22,95.0,0,true,0字・conf=95.0（白紙/図版判定）
65_hs1-834228961_62-hq-83894_section_3,23,95.0,0,true,0字・conf=95.0（白紙/図版判定）
65_hs1-834228961_62-hq-83894_section_3,24,95.0,0,true,0字・conf=95.0（白紙/図版判定）
65_hs1-834228961_62-hq-83894_section_3,25,95.0,0,true,0字・conf=95.0（白紙/図版判定）
65_hs1-834228961_62-hq-83894_section_3,30,26.8,99,true,conf=26.8<30かつchar=99<100
65_hs1-834228961_62-hq-83894_section_3,50,95.0,0,true,0字・conf=95.0（白紙/図版判定）
65_hs1-834228961_62-hq-83894_section_3,57,95.0,0,true,0字・conf=95.0（白紙/図版判定）
65_hs1-834228961_62-hq-83894_section_3,58,95.0,0,true,0字・conf=95.0（白紙/図版判定）
65_hs1-834228961_62-hq-83894_section_3,59,95.0,0,true,0字・conf=95.0（白紙/図版判定）
65_hs1-834228961_62-hq-83894_section_3,62,95.0,0,true,0字・conf=95.0（白紙/図版判定）
65_hs1-834228961_62-hq-83894_section_3,65,95.0,0,true,0字・conf=95.0（白紙/図版判定）
65_hs1-834228961_62-hq-83894_section_3,68,95.0,0,true,0字・conf=95.0（白紙/図版判定）
65_hs1-834228961_62-hq-83894_section_3,70,95.0,0,true,0字・conf=95.0（白紙/図版判定）
65_hs1-834228961_62-hq-83894_section_3,81,95.0,0,true,0字・conf=95.0（白紙/図版判定）
65_hs1-834228961_62-hq-83894_section_3,86,95.0,0,true,0字・conf=95.0（白紙/図版判定）
65_hs1-834228961_62-hq-83894_section_3,88,32.2,18,true,review=trueかつconf=32.2<40
65_hs1-834228961_62-hq-83894_section_3,90,29.5,82,true,conf=29.5<30かつchar=82<100
65_hs1-834228961_62-hq-83894_section_3,96,95.0,0,true,0字・conf=95.0（白紙/図版判定）
65_hs1-834228961_62-hq-83894_section_3,101,95.0,0,true,0字・conf=95.0（白紙/図版判定）
65_hs1-834228961_62-hq-83894_section_3,103,95.0,0,true,0字・conf=95.0（白紙/図版判定）
65_hs1-834228961_62-hq-83894_section_3,104,95.0,0,true,0字・conf=95.0（白紙/図版判定）
65_hs1-834228961_62-hq-83894_section_3,105,95.0,0,true,0字・conf=95.0（白紙/図版判定）
65_hs1-834228961_62-hq-83894_section_3,106,95.0,0,true,0字・conf=95.0（白紙/図版判定）
65_hs1-834228961_62-hq-83894_section_3,107,95.0,0,true,0字・conf=95.0（白紙/図版判定）
65_hs1-834228961_62-hq-83894_section_3,108,95.0,0,true,0字・conf=95.0（白紙/図版判定）
65_hs1-834228961_62-hq-83894_section_3,109,95.0,0,true,0字・conf=95.0（白紙/図版判定）
65_hs1-834228961_62-hq-83894_section_3,110,95.0,0,true,0字・conf=95.0（白紙/図版判定）
65_hs1-834228961_62-hq-83894_section_3,111,95.0,0,true,0字・conf=95.0（白紙/図版判定）
65_hs1-834228961_62-hq-83894_section_3,112,29.7,33,true,conf=29.7<30かつchar=33<100
65_hs1-834228961_62-hq-83894_section_3,116,95.0,0,true,0字・conf=95.0（白紙/図版判定）
65_hs1-834228961_62-hq-83894_section_3,117,95.0,0,true,0字・conf=95.0（白紙/図版判定）
65_hs1-834228961_62-hq-83894_section_3,118,95.0,0,true,0字・conf=95.0（白紙/図版判定）
65_hs1-834228961_62-hq-83894_section_3,124,95.0,0,true,0字・conf=95.0（白紙/図版判定）
65_hs1-834228961_62-hq-83894_section_3,126,n/a,0,true,0字・conf=0（Tesseract未取得）
65_hs1-834228961_62-hq-83894_section_3,134,95.0,0,true,0字・conf=95.0（白紙/図版判定）
65_hs1-834228961_62-hq-83894_section_3,144,21.4,53,true,conf=21.4<30かつchar=53<100
65_hs1-834228961_62-hq-83894_section_3,146,95.0,0,true,0字・conf=95.0（白紙/図版判定）
65_hs1-834228961_62-hq-83894_section_3,148,95.0,0,true,0字・conf=95.0（白紙/図版判定）
65_hs1-834228961_62-hq-83894_section_3,154,32.1,86,true,review=trueかつconf=32.1<40
65_hs1-834228961_62-hq-83894_section_3,158,95.0,0,true,0字・conf=95.0（白紙/図版判定）
65_hs1-834228961_62-hq-83894_section_3,160,95.0,0,true,0字・conf=95.0（白紙/図版判定）
65_hs1-834228961_62-hq-83894_section_3,168,95.0,0,true,0字・conf=95.0（白紙/図版判定）
65_hs1-834228961_62-hq-83894_section_3,170,95.0,0,true,0字・conf=95.0（白紙/図版判定）
65_hs1-834228961_62-hq-83894_section_3,179,95.0,0,true,0字・conf=95.0（白紙/図版判定）
65_hs1-834228961_62-hq-83894_section_3,182,39.8,54,true,review=trueかつconf=39.8<40
65_hs1-834228961_62-hq-83894_section_3,187,38.0,34,true,review=trueかつconf=38.0<40
65_hs1-834228961_62-hq-83894_section_3,189,95.0,0,true,0字・conf=95.0（白紙/図版判定）
65_hs1-834228961_62-hq-83894_section_3,190,95.0,0,true,0字・conf=95.0（白紙/図版判定）
65_hs1-834228961_62-hq-83894_section_4,3,95.0,0,true,0字・conf=95.0（白紙/図版判定）
65_hs1-834228961_62-hq-83894_section_4,8,95.0,0,true,0字・conf=95.0（白紙/図版判定）
65_hs1-834228961_62-hq-83894_section_4,9,95.0,0,true,0字・conf=95.0（白紙/図版判定）
65_hs1-834228961_62-hq-83894_section_4,10,95.0,0,true,0字・conf=95.0（白紙/図版判定）
65_hs1-834228961_62-hq-83894_section_4,11,95.0,0,true,0字・conf=95.0（白紙/図版判定）
65_hs1-834228961_62-hq-83894_section_4,12,95.0,0,true,0字・conf=95.0（白紙/図版判定）
65_hs1-834228961_62-hq-83894_section_4,13,95.0,0,true,0字・conf=95.0（白紙/図版判定）
65_hs1-834228961_62-hq-83894_section_4,15,30.5,83,true,review=trueかつconf=30.5<40
65_hs1-834228961_62-hq-83894_section_4,18,33.3,294,true,review=trueかつconf=33.3<40
65_hs1-834228961_62-hq-83894_section_4,19,27.6,336,true,review=trueかつconf=27.6<40
65_hs1-834228961_62-hq-83894_section_4,22,31.8,166,true,review=trueかつconf=31.8<40
65_hs1-834228961_62-hq-83894_section_4,23,36.0,33,true,review=trueかつconf=36.0<40
65_hs1-834228961_62-hq-83894_section_4,24,29.8,121,true,review=trueかつconf=29.8<40
65_hs1-834228961_62-hq-83894_section_4,25,38.3,237,true,review=trueかつconf=38.3<40
65_hs1-834228961_62-hq-83894_section_4,26,27.7,119,true,review=trueかつconf=27.7<40
65_hs1-834228961_62-hq-83894_section_4,27,95.0,0,true,0字・conf=95.0（白紙/図版判定）
65_hs1-834228961_62-hq-83894_section_4,30,30.6,168,true,review=trueかつconf=30.6<40
65_hs1-834228961_62-hq-83894_section_4,31,27.4,118,true,review=trueかつconf=27.4<40
65_hs1-834228961_62-hq-83894_section_4,32,36.9,78,true,review=trueかつconf=36.9<40
65_hs1-834228961_62-hq-83894_section_4,34,30.6,61,true,review=trueかつconf=30.6<40
65_hs1-834228961_62-hq-83894_section_4,36,95.0,0,true,0字・conf=95.0（白紙/図版判定）
65_hs1-834228961_62-hq-83894_section_4,40,95.0,0,true,0字・conf=95.0（白紙/図版判定）
65_hs1-834228961_62-hq-83894_section_4,42,95.0,0,true,0字・conf=95.0（白紙/図版判定）
65_hs1-834228961_62-hq-83894_section_4,44,95.0,0,true,0字・conf=95.0（白紙/図版判定）
65_hs1-834228961_62-hq-83894_section_4,49,95.0,0,true,0字・conf=95.0（白紙/図版判定）
65_hs1-834228961_62-hq-83894_section_4,51,95.0,0,true,0字・conf=95.0（白紙/図版判定）
65_hs1-834228961_62-hq-83894_section_4,54,32.1,68,true,review=trueかつconf=32.1<40
65_hs1-834228961_62-hq-83894_section_4,55,95.0,0,true,0字・conf=95.0（白紙/図版判定）
65_hs1-834228961_62-hq-83894_section_4,62,95.0,0,true,0字・conf=95.0（白紙/図版判定）
65_hs1-834228961_62-hq-83894_section_4,64,27.7,56,true,conf=27.7<30かつchar=56<100
65_hs1-834228961_62-hq-83894_section_4,67,95.0,0,true,0字・conf=95.0（白紙/図版判定）
65_hs1-834228961_62-hq-83894_section_4,69,95.0,0,true,0字・conf=95.0（白紙/図版判定）
65_hs1-834228961_62-hq-83894_section_4,75,28.7,118,true,review=trueかつconf=28.7<40
65_hs1-834228961_62-hq-83894_section_4,77,27.9,52,true,conf=27.9<30かつchar=52<100
65_hs1-834228961_62-hq-83894_section_4,83,28.2,67,true,conf=28.2<30かつchar=67<100
65_hs1-834228961_62-hq-83894_section_4,90,39.2,57,true,review=trueかつconf=39.2<40
65_hs1-834228961_62-hq-83894_section_4,93,95.0,0,true,0字・conf=95.0（白紙/図版判定）
65_hs1-834228961_62-hq-83894_section_4,94,95.0,0,true,0字・conf=95.0（白紙/図版判定）
65_hs1-834228961_62-hq-83894_section_4,102,95.0,0,true,0字・conf=95.0（白紙/図版判定）
65_hs1-834228961_62-hq-83894_section_4,104,36.3,167,true,review=trueかつconf=36.3<40
65_hs1-834228961_62-hq-83894_section_4,108,95.0,0,true,0字・conf=95.0（白紙/図版判定）
65_hs1-834228961_62-hq-83894_section_4,110,35.6,112,true,review=trueかつconf=35.6<40
65_hs1-834228961_62-hq-83894_section_4,111,95.0,0,true,0字・conf=95.0（白紙/図版判定）
65_hs1-834228961_62-hq-83894_section_4,119,95.0,0,true,0字・conf=95.0（白紙/図版判定）
65_hs1-834228961_62-hq-83894_section_4,124,95.0,0,true,0字・conf=95.0（白紙/図版判定）
65_hs1-834228961_62-hq-83894_section_4,129,95.0,0,true,0字・conf=95.0（白紙/図版判定）
65_hs1-834228961_62-hq-83894_section_4,132,29.4,78,true,conf=29.4<30かつchar=78<100
65_hs1-834228961_62-hq-83894_section_4,134,95.0,0,true,0字・conf=95.0（白紙/図版判定）
65_hs1-834228961_62-hq-83894_section_4,138,32.9,64,true,review=trueかつconf=32.9<40
65_hs1-834228961_62-hq-83894_section_4,140,36.9,57,true,review=trueかつconf=36.9<40
65_hs1-834228961_62-hq-83894_section_4,142,95.0,0,true,0字・conf=95.0（白紙/図版判定）
65_hs1-834228961_62-hq-83894_section_4,144,33.0,33,true,review=trueかつconf=33.0<40
65_hs1-834228961_62-hq-83894_section_4,146,95.0,0,true,0字・conf=95.0（白紙/図版判定）
65_hs1-834228961_62-hq-83894_section_4,149,33.3,324,true,review=trueかつconf=33.3<40
65_hs1-834228961_62-hq-83894_section_4,150,95.0,0,true,0字・conf=95.0（白紙/図版判定）
65_hs1-834228961_62-hq-83894_section_4,152,95.0,0,true,0字・conf=95.0（白紙/図版判定）
65_hs1-834228961_62-hq-83894_section_4,154,34.9,37,true,review=trueかつconf=34.9<40
65_hs1-834228961_62-hq-83894_section_4,155,34.2,389,true,review=trueかつconf=34.2<40
65_hs1-834228961_62-hq-83894_section_4,158,33.1,97,true,review=trueかつconf=33.1<40
65_hs1-834228961_62-hq-83894_section_4,161,38.3,167,true,review=trueかつconf=38.3<40
65_hs1-834228961_62-hq-83894_section_4,163,28.0,25,true,conf=28.0<30かつchar=25<100
65_hs1-834228961_62-hq-83894_section_4,168,39.0,25,true,review=trueかつconf=39.0<40
65_hs1-834228961_62-hq-83894_section_4,170,95.0,0,true,0字・conf=95.0（白紙/図版判定）
65_hs1-834228961_62-hq-83894_section_4,172,38.8,40,true,review=trueかつconf=38.8<40
65_hs1-834228961_62-hq-83894_section_4,174,95.0,0,true,0字・conf=95.0（白紙/図版判定）
65_hs1-834228961_62-hq-83894_section_4,190,95.0,0,true,0字・conf=95.0（白紙/図版判定）
65_hs1-834228961_62-hq-83894_section_4,195,95.0,0,true,0字・conf=95.0（白紙/図版判定）
65_hs1-834228961_62-hq-83894_section_4,196,31.0,356,true,review=trueかつconf=31.0<40
65_hs1-834228961_62-hq-83894_section_4,200,95.0,0,true,0字・conf=95.0（白紙/図版判定）
65_hs1-834228961_62-hq-83894_section_4,206,95.0,0,true,0字・conf=95.0（白紙/図版判定）
65_hs1-834228961_62-hq-83894_section_4,208,95.0,0,true,0字・conf=95.0（白紙/図版判定）
65_hs1-834228961_62-hq-83894_section_4,210,38.4,82,true,review=trueかつconf=38.4<40
65_hs1-834228961_62-hq-83894_section_4,212,95.0,0,true,0字・conf=95.0（白紙/図版判定）
65_hs1-834228961_62-hq-83894_section_4,214,37.2,81,true,review=trueかつconf=37.2<40
65_hs1-834228961_62-hq-83894_section_5,2,95.0,0,true,0字・conf=95.0（白紙/図版判定）
65_hs1-834228961_62-hq-83894_section_5,4,95.0,0,true,0字・conf=95.0（白紙/図版判定）
65_hs1-834228961_62-hq-83894_section_5,6,30.6,49,true,review=trueかつconf=30.6<40
65_hs1-834228961_62-hq-83894_section_5,8,25.5,156,true,review=trueかつconf=25.5<40
65_hs1-834228961_62-hq-83894_section_5,9,95.0,0,true,0字・conf=95.0（白紙/図版判定）
65_hs1-834228961_62-hq-83894_section_5,12,95.0,0,true,0字・conf=95.0（白紙/図版判定）
65_hs1-834228961_62-hq-83894_section_5,14,95.0,0,true,0字・conf=95.0（白紙/図版判定）
65_hs1-834228961_62-hq-83894_section_5,18,33.3,139,true,review=trueかつconf=33.3<40
65_hs1-834228961_62-hq-83894_section_5,22,38.5,130,true,review=trueかつconf=38.5<40
65_hs1-834228961_62-hq-83894_section_5,26,39.1,64,true,review=trueかつconf=39.1<40
65_hs1-834228961_62-hq-83894_section_5,27,95.0,0,true,0字・conf=95.0（白紙/図版判定）
65_hs1-834228961_62-hq-83894_section_5,28,95.0,0,true,0字・conf=95.0（白紙/図版判定）
65_hs1-834228961_62-hq-83894_section_5,29,95.0,0,true,0字・conf=95.0（白紙/図版判定）
65_hs1-834228961_62-hq-83894_section_5,30,95.0,0,true,0字・conf=95.0（白紙/図版判定）
65_hs1-834228961_62-hq-83894_section_5,36,95.0,0,true,0字・conf=95.0（白紙/図版判定）
65_hs1-834228961_62-hq-83894_section_5,38,95.0,0,true,0字・conf=95.0（白紙/図版判定）
65_hs1-834228961_62-hq-83894_section_5,40,95.0,0,true,0字・conf=95.0（白紙/図版判定）
65_hs1-834228961_62-hq-83894_section_5,45,95.0,0,true,0字・conf=95.0（白紙/図版判定）
65_hs1-834228961_62-hq-83894_section_5,46,95.0,0,true,0字・conf=95.0（白紙/図版判定）
65_hs1-834228961_62-hq-83894_section_5,47,95.0,0,true,0字・conf=95.0（白紙/図版判定）
65_hs1-834228961_62-hq-83894_section_5,49,95.0,0,true,0字・conf=95.0（白紙/図版判定）
65_hs1-834228961_62-hq-83894_section_5,50,33.1,309,true,review=trueかつconf=33.1<40
65_hs1-834228961_62-hq-83894_section_5,51,95.0,0,true,0字・conf=95.0（白紙/図版判定）
65_hs1-834228961_62-hq-83894_section_5,53,95.0,0,true,0字・conf=95.0（白紙/図版判定）
65_hs1-834228961_62-hq-83894_section_5,59,32.0,649,true,review=trueかつconf=32.0<40
65_hs1-834228961_62-hq-83894_section_5,61,32.2,1973,true,review=trueかつconf=32.2<40
65_hs1-834228961_62-hq-83894_section_5,62,30.9,841,true,review=trueかつconf=30.9<40
65_hs1-834228961_62-hq-83894_section_5,63,29.8,34,true,conf=29.8<30かつchar=34<100
65_hs1-834228961_62-hq-83894_section_5,65,95.0,0,true,0字・conf=95.0（白紙/図版判定）
65_hs1-834228961_62-hq-83894_section_5,67,95.0,0,true,0字・conf=95.0（白紙/図版判定）
65_hs1-834228961_62-hq-83894_section_5,69,95.0,0,true,0字・conf=95.0（白紙/図版判定）
65_hs1-834228961_62-hq-83894_section_5,76,35.0,95,true,review=trueかつconf=35.0<40
65_hs1-834228961_62-hq-83894_section_5,83,95.0,0,true,0字・conf=95.0（白紙/図版判定）
65_hs1-834228961_62-hq-83894_section_5,87,95.0,0,true,0字・conf=95.0（白紙/図版判定）
65_hs1-834228961_62-hq-83894_section_5,90,95.0,0,true,0字・conf=95.0（白紙/図版判定）
65_hs1-834228961_62-hq-83894_section_5,104,95.0,0,true,0字・conf=95.0（白紙/図版判定）
65_hs1-834228961_62-hq-83894_section_5,106,95.0,0,true,0字・conf=95.0（白紙/図版判定）
65_hs1-834228961_62-hq-83894_section_5,108,95.0,0,true,0字・conf=95.0（白紙/図版判定）
65_hs1-834228961_62-hq-83894_section_5,110,95.0,0,true,0字・conf=95.0（白紙/図版判定）
65_hs1-834228961_62-hq-83894_section_5,114,20.6,56,true,conf=20.6<30かつchar=56<100
65_hs1-834228961_62-hq-83894_section_5,115,95.0,0,true,0字・conf=95.0（白紙/図版判定）
65_hs1-834228961_62-hq-83894_section_5,116,95.0,0,true,0字・conf=95.0（白紙/図版判定）
65_hs1-834228961_62-hq-83894_section_5,120,33.7,52,true,review=trueかつconf=33.7<40
65_hs1-834228961_62-hq-83894_section_5,122,95.0,0,true,0字・conf=95.0（白紙/図版判定）
65_hs1-834228961_62-hq-83894_section_5,124,95.0,0,true,0字・conf=95.0（白紙/図版判定）
65_hs1-834228961_62-hq-83894_section_5,125,95.0,0,true,0字・conf=95.0（白紙/図版判定）
65_hs1-834228961_62-hq-83894_section_5,126,35.0,272,true,review=trueかつconf=35.0<40
65_hs1-834228961_62-hq-83894_section_5,127,95.0,0,true,0字・conf=95.0（白紙/図版判定）
65_hs1-834228961_62-hq-83894_section_5,129,95.0,0,true,0字・conf=95.0（白紙/図版判定）
65_hs1-834228961_62-hq-83894_section_5,130,35.3,267,true,review=trueかつconf=35.3<40
65_hs1-834228961_62-hq-83894_section_5,131,95.0,0,true,0字・conf=95.0（白紙/図版判定）
65_hs1-834228961_62-hq-83894_section_5,133,95.0,0,true,0字・conf=95.0（白紙/図版判定）
65_hs1-834228961_62-hq-83894_section_5,134,34.9,127,true,review=trueかつconf=34.9<40
65_hs1-834228961_62-hq-83894_section_5,135,95.0,0,true,0字・conf=95.0（白紙/図版判定）
65_hs1-834228961_62-hq-83894_section_5,136,95.0,0,true,0字・conf=95.0（白紙/図版判定）
65_hs1-834228961_62-hq-83894_section_5,137,95.0,0,true,0字・conf=95.0（白紙/図版判定）
65_hs1-834228961_62-hq-83894_section_5,138,38.7,454,true,review=trueかつconf=38.7<40
65_hs1-834228961_62-hq-83894_section_5,139,95.0,0,true,0字・conf=95.0（白紙/図版判定）
65_hs1-834228961_62-hq-83894_section_5,141,25.7,27,true,conf=25.7<30かつchar=27<100
65_hs1-834228961_62-hq-83894_section_5,142,95.0,0,true,0字・conf=95.0（白紙/図版判定）
65_hs1-834228961_62-hq-83894_section_5,143,33.5,76,true,review=trueかつconf=33.5<40
65_hs1-834228961_62-hq-83894_section_5,144,95.0,0,true,0字・conf=95.0（白紙/図版判定）
65_hs1-834228961_62-hq-83894_section_5,148,95.0,0,true,0字・conf=95.0（白紙/図版判定）
65_hs1-834228961_62-hq-83894_section_5,150,95.0,0,true,0字・conf=95.0（白紙/図版判定）
65_hs1-834228961_62-hq-83894_section_5,161,95.0,0,true,0字・conf=95.0（白紙/図版判定）
65_hs1-834228961_62-hq-83894_section_5,167,95.0,0,true,0字・conf=95.0（白紙/図版判定）
65_hs1-834228961_62-hq-83894_section_5,170,95.0,0,true,0字・conf=95.0（白紙/図版判定）
65_hs1-834228961_62-hq-83894_section_5,179,34.7,100,true,review=trueかつconf=34.7<40
65_hs1-834228961_62-hq-83894_section_5,182,95.0,0,true,0字・conf=95.0（白紙/図版判定）
65_hs1-834228961_62-hq-83894_section_5,183,95.0,0,true,0字・conf=95.0（白紙/図版判定）
65_hs1-834228961_62-hq-83894_section_5,184,95.0,0,true,0字・conf=95.0（白紙/図版判定）
65_hs1-834228961_62-hq-83894_section_5,185,28.4,275,true,review=trueかつconf=28.4<40
65_hs1-834228961_62-hq-83894_section_5,188,95.0,0,true,0字・conf=95.0（白紙/図版判定）
65_hs1-834228961_62-hq-83894_section_5,195,95.0,0,true,0字・conf=95.0（白紙/図版判定）
65_hs1-834228961_62-hq-83894_section_5,197,95.0,0,true,0字・conf=95.0（白紙/図版判定）
65_hs1-834228961_62-hq-83894_section_5,200,95.0,0,true,0字・conf=95.0（白紙/図版判定）
65_hs1-834228961_62-hq-83894_section_5,201,95.0,0,true,0字・conf=95.0（白紙/図版判定）
65_hs1-834228961_62-hq-83894_section_5,202,95.0,0,true,0字・conf=95.0（白紙/図版判定）
65_hs1-834228961_62-hq-83894_section_5,204,95.0,0,true,0字・conf=95.0（白紙/図版判定）
65_hs1-834228961_62-hq-83894_section_5,205,95.0,0,true,0字・conf=95.0（白紙/図版判定）
65_hs1-834228961_62-hq-83894_section_6,3,36.4,49,true,review=trueかつconf=36.4<40
65_hs1-834228961_62-hq-83894_section_6,7,95.0,0,true,0字・conf=95.0（白紙/図版判定）
65_hs1-834228961_62-hq-83894_section_6,11,95.0,0,true,0字・conf=95.0（白紙/図版判定）
65_hs1-834228961_62-hq-83894_section_6,12,95.0,0,true,0字・conf=95.0（白紙/図版判定）
65_hs1-834228961_62-hq-83894_section_6,17,95.0,0,true,0字・conf=95.0（白紙/図版判定）
65_hs1-834228961_62-hq-83894_section_6,19,31.8,36,true,review=trueかつconf=31.8<40
65_hs1-834228961_62-hq-83894_section_6,20,31.6,414,true,review=trueかつconf=31.6<40
65_hs1-834228961_62-hq-83894_section_6,21,95.0,0,true,0字・conf=95.0（白紙/図版判定）
65_hs1-834228961_62-hq-83894_section_6,23,95.0,0,true,0字・conf=95.0（白紙/図版判定）
65_hs1-834228961_62-hq-83894_section_6,75,95.0,0,true,0字・conf=95.0（白紙/図版判定）
65_hs1-834228961_62-hq-83894_section_6,78,95.0,0,true,0字・conf=95.0（白紙/図版判定）
65_hs1-834228961_62-hq-83894_section_6,79,95.0,0,true,0字・conf=95.0（白紙/図版判定）
65_hs1-834228961_62-hq-83894_section_6,80,95.0,0,true,0字・conf=95.0（白紙/図版判定）
65_hs1-834228961_62-hq-83894_section_6,82,33.1,111,true,review=trueかつconf=33.1<40
65_hs1-834228961_62-hq-83894_section_6,83,95.0,0,true,0字・conf=95.0（白紙/図版判定）
65_hs1-834228961_62-hq-83894_section_6,84,95.0,0,true,0字・conf=95.0（白紙/図版判定）
65_hs1-834228961_62-hq-83894_section_6,85,95.0,0,true,0字・conf=95.0（白紙/図版判定）
65_hs1-834228961_62-hq-83894_section_6,86,95.0,0,true,0字・conf=95.0（白紙/図版判定）
65_hs1-834228961_62-hq-83894_section_6,95,31.5,142,true,review=trueかつconf=31.5<40
65_hs1-834228961_62-hq-83894_section_6,98,95.0,0,true,0字・conf=95.0（白紙/図版判定）
65_hs1-834228961_62-hq-83894_section_6,99,95.0,0,true,0字・conf=95.0（白紙/図版判定）
65_hs1-834228961_62-hq-83894_section_6,112,95.0,0,true,0字・conf=95.0（白紙/図版判定）
65_hs1-834228961_62-hq-83894_section_6,120,30.5,72,true,review=trueかつconf=30.5<40
65_hs1-834228961_62-hq-83894_section_6,121,32.4,543,true,review=trueかつconf=32.4<40
65_hs1-834228961_62-hq-83894_section_6,122,95.0,0,true,0字・conf=95.0（白紙/図版判定）
65_hs1-834228961_62-hq-83894_section_6,123,30.5,239,true,review=trueかつconf=30.5<40
65_hs1-834228961_62-hq-83894_section_6,125,95.0,0,true,0字・conf=95.0（白紙/図版判定）
65_hs1-834228961_62-hq-83894_section_6,138,31.8,53,true,review=trueかつconf=31.8<40
65_hs1-834228961_62-hq-83894_section_6,141,29.7,30,true,conf=29.7<30かつchar=30<100
65_hs1-834228961_62-hq-83894_section_6,143,95.0,0,true,0字・conf=95.0（白紙/図版判定）
65_hs1-834228961_62-hq-83894_section_6,145,35.3,55,true,review=trueかつconf=35.3<40
65_hs1-834228961_62-hq-83894_section_6,151,34.8,61,true,review=trueかつconf=34.8<40
65_hs1-834228961_62-hq-83894_section_6,155,95.0,0,true,0字・conf=95.0（白紙/図版判定）
65_hs1-834228961_62-hq-83894_section_6,158,95.0,0,true,0字・conf=95.0（白紙/図版判定）
65_hs1-834228961_62-hq-83894_section_6,160,95.0,0,true,0字・conf=95.0（白紙/図版判定）
65_hs1-834228961_62-hq-83894_section_6,161,95.0,0,true,0字・conf=95.0（白紙/図版判定）
65_hs1-834228961_62-hq-83894_section_6,162,95.0,0,true,0字・conf=95.0（白紙/図版判定）
65_hs1-834228961_62-hq-83894_section_6,164,n/a,0,true,0字・conf=0（Tesseract未取得）
65_hs1-834228961_62-hq-83894_section_6,166,n/a,0,true,0字・conf=0（Tesseract未取得）
65_hs1-834228961_62-hq-83894_section_6,167,95.0,0,true,0字・conf=95.0（白紙/図版判定）
65_hs1-834228961_62-hq-83894_section_6,168,95.0,0,true,0字・conf=95.0（白紙/図版判定）
65_hs1-834228961_62-hq-83894_section_6,169,n/a,0,true,0字・conf=0（Tesseract未取得）
65_hs1-834228961_62-hq-83894_section_6,175,37.8,53,true,review=trueかつconf=37.8<40
65_hs1-834228961_62-hq-83894_section_6,176,95.0,0,true,0字・conf=95.0（白紙/図版判定）
65_hs1-834228961_62-hq-83894_section_6,177,95.0,0,true,0字・conf=95.0（白紙/図版判定）
65_hs1-834228961_62-hq-83894_section_6,183,95.0,0,true,0字・conf=95.0（白紙/図版判定）
65_hs1-834228961_62-hq-83894_section_6,187,24.2,58,true,conf=24.2<30かつchar=58<100
65_hs1-834228961_62-hq-83894_section_6,189,95.0,0,true,0字・conf=95.0（白紙/図版判定）
65_hs1-834228961_62-hq-83894_section_6,194,34.3,49,true,review=trueかつconf=34.3<40
65_hs1-834228961_62-hq-83894_section_6,197,31.5,66,true,review=trueかつconf=31.5<40
65_hs1-834228961_62-hq-83894_section_6,201,95.0,0,true,0字・conf=95.0（白紙/図版判定）
65_hs1-834228961_62-hq-83894_section_6,203,95.0,0,true,0字・conf=95.0（白紙/図版判定）
65_hs1-834228961_62-hq-83894_section_6,205,95.0,0,true,0字・conf=95.0（白紙/図版判定）
65_hs1-834228961_62-hq-83894_section_6,206,95.0,0,true,0字・conf=95.0（白紙/図版判定）
65_hs1-834228961_62-hq-83894_section_6,207,95.0,0,true,0字・conf=95.0（白紙/図版判定）
65_hs1-834228961_62-hq-83894_section_6,209,95.0,0,true,0字・conf=95.0（白紙/図版判定）
65_hs1-834228961_62-hq-83894_section_6,210,38.8,79,true,review=trueかつconf=38.8<40
65_hs1-834228961_62-hq-83894_section_6,214,95.0,0,true,0字・conf=95.0（白紙/図版判定）
65_hs1-834228961_62-hq-83894_section_6,216,95.0,0,true,0字・conf=95.0（白紙/図版判定）
65_hs1-834228961_62-hq-83894_section_6,220,95.0,0,true,0字・conf=95.0（白紙/図版判定）
65_hs1-834228961_62-hq-83894_section_6,222,39.8,15,true,review=trueかつconf=39.8<40
65_hs1-834228961_62-hq-83894_section_6,226,95.0,0,true,0字・conf=95.0（白紙/図版判定）
65_hs1-834228961_62-hq-83894_section_6,227,31.4,541,true,review=trueかつconf=31.4<40
65_hs1-834228961_62-hq-83894_section_6,228,29.9,573,true,review=trueかつconf=29.9<40
65_hs1-834228961_62-hq-83894_section_6,229,29.2,803,true,review=trueかつconf=29.2<40
65_hs1-834228961_62-hq-83894_section_6,233,95.0,0,true,0字・conf=95.0（白紙/図版判定）
65_hs1-834228961_62-hq-83894_section_6,234,39.0,10,true,review=trueかつconf=39.0<40
65_hs1-834228961_62-hq-83894_section_6,235,39.5,25,true,review=trueかつconf=39.5<40
65_hs1-834228961_62-hq-83894_section_6,236,n/a,0,true,0字・conf=0（Tesseract未取得）
65_hs1-834228961_62-hq-83894_section_6,237,33.6,68,true,review=trueかつconf=33.6<40
65_hs1-834228961_62-hq-83894_section_6,238,95.0,0,true,0字・conf=95.0（白紙/図版判定）
65_hs1-834228961_62-hq-83894_section_6,240,95.0,0,true,0字・conf=95.0（白紙/図版判定）
65_hs1-834228961_62-hq-83894_section_6,242,95.0,0,true,0字・conf=95.0（白紙/図版判定）
65_hs1-834228961_62-hq-83894_section_6,243,95.0,0,true,0字・conf=95.0（白紙/図版判定）
65_hs1-834228961_62-hq-83894_section_6,244,95.0,0,true,0字・conf=95.0（白紙/図版判定）
65_hs1-834228961_62-hq-83894_section_6,248,33.2,61,true,review=trueかつconf=33.2<40
65_hs1-834228961_62-hq-83894_section_6,250,95.0,0,true,0字・conf=95.0（白紙/図版判定）
65_hs1-834228961_62-hq-83894_section_6,251,30.6,431,true,review=trueかつconf=30.6<40
65_hs1-834228961_62-hq-83894_section_6,252,30.1,57,true,review=trueかつconf=30.1<40
65_hs1-834228961_62-hq-83894_section_6,255,95.0,0,true,0字・conf=95.0（白紙/図版判定）
65_hs1-834228961_62-hq-83894_section_6,265,95.0,0,true,0字・conf=95.0（白紙/図版判定）
65_hs1-834228961_62-hq-83894_section_6,266,34.9,1010,true,review=trueかつconf=34.9<40
65_hs1-834228961_62-hq-83894_section_6,267,36.1,170,true,review=trueかつconf=36.1<40
65_hs1-834228961_62-hq-83894_section_6,271,95.0,0,true,0字・conf=95.0（白紙/図版判定）
65_hs1-834228961_62-hq-83894_section_7,2,95.0,0,true,0字・conf=95.0（白紙/図版判定）
65_hs1-834228961_62-hq-83894_section_7,6,95.0,0,true,0字・conf=95.0（白紙/図版判定）
65_hs1-834228961_62-hq-83894_section_7,8,34.8,50,true,review=trueかつconf=34.8<40
65_hs1-834228961_62-hq-83894_section_7,12,95.0,0,true,0字・conf=95.0（白紙/図版判定）
65_hs1-834228961_62-hq-83894_section_7,14,95.0,0,true,0字・conf=95.0（白紙/図版判定）
65_hs1-834228961_62-hq-83894_section_7,16,95.0,0,true,0字・conf=95.0（白紙/図版判定）
65_hs1-834228961_62-hq-83894_section_7,19,34.3,53,true,review=trueかつconf=34.3<40
65_hs1-834228961_62-hq-83894_section_7,22,24.5,14,true,conf=24.5<30かつchar=14<100
65_hs1-834228961_62-hq-83894_section_7,24,95.0,0,true,0字・conf=95.0（白紙/図版判定）
65_hs1-834228961_62-hq-83894_section_7,26,37.6,55,true,review=trueかつconf=37.6<40
65_hs1-834228961_62-hq-83894_section_7,31,95.0,0,true,0字・conf=95.0（白紙/図版判定）
65_hs1-834228961_62-hq-83894_section_7,36,95.0,0,true,0字・conf=95.0（白紙/図版判定）
65_hs1-834228961_62-hq-83894_section_7,37,34.6,54,true,review=trueかつconf=34.6<40
65_hs1-834228961_62-hq-83894_section_7,38,95.0,0,true,0字・conf=95.0（白紙/図版判定）
65_hs1-834228961_62-hq-83894_section_7,40,95.0,0,true,0字・conf=95.0（白紙/図版判定）
65_hs1-834228961_62-hq-83894_section_7,42,95.0,0,true,0字・conf=95.0（白紙/図版判定）
65_hs1-834228961_62-hq-83894_section_7,47,95.0,0,true,0字・conf=95.0（白紙/図版判定）
65_hs1-834228961_62-hq-83894_section_7,48,33.1,361,true,review=trueかつconf=33.1<40
65_hs1-834228961_62-hq-83894_section_7,50,35.9,463,true,review=trueかつconf=35.9<40
65_hs1-834228961_62-hq-83894_section_7,51,31.8,495,true,review=trueかつconf=31.8<40
65_hs1-834228961_62-hq-83894_section_7,52,38.0,654,true,review=trueかつconf=38.0<40
65_hs1-834228961_62-hq-83894_section_7,53,34.6,795,true,review=trueかつconf=34.6<40
65_hs1-834228961_62-hq-83894_section_7,54,32.6,234,true,review=trueかつconf=32.6<40
65_hs1-834228961_62-hq-83894_section_7,55,95.0,0,true,0字・conf=95.0（白紙/図版判定）
65_hs1-834228961_62-hq-83894_section_7,56,36.7,766,true,review=trueかつconf=36.7<40
65_hs1-834228961_62-hq-83894_section_7,57,95.0,0,true,0字・conf=95.0（白紙/図版判定）
65_hs1-834228961_62-hq-83894_section_7,58,39.5,396,true,review=trueかつconf=39.5<40
65_hs1-834228961_62-hq-83894_section_7,59,35.6,584,true,review=trueかつconf=35.6<40
65_hs1-834228961_62-hq-83894_section_7,60,36.5,88,true,review=trueかつconf=36.5<40
65_hs1-834228961_62-hq-83894_section_7,66,29.2,57,true,conf=29.2<30かつchar=57<100
65_hs1-834228961_62-hq-83894_section_7,68,95.0,0,true,0字・conf=95.0（白紙/図版判定）
65_hs1-834228961_62-hq-83894_section_7,70,95.0,0,true,0字・conf=95.0（白紙/図版判定）
65_hs1-834228961_62-hq-83894_section_7,87,36.6,32,true,review=trueかつconf=36.6<40
65_hs1-834228961_62-hq-83894_section_7,89,95.0,0,true,0字・conf=95.0（白紙/図版判定）
65_hs1-834228961_62-hq-83894_section_7,98,28.1,72,true,conf=28.1<30かつchar=72<100
65_hs1-834228961_62-hq-83894_section_7,102,95.0,0,true,0字・conf=95.0（白紙/図版判定）
65_hs1-834228961_62-hq-83894_section_7,107,39.6,43,true,review=trueかつconf=39.6<40
65_hs1-834228961_62-hq-83894_section_7,110,95.0,0,true,0字・conf=95.0（白紙/図版判定）
65_hs1-834228961_62-hq-83894_section_7,111,95.0,0,true,0字・conf=95.0（白紙/図版判定）
65_hs1-834228961_62-hq-83894_section_7,129,31.4,61,true,review=trueかつconf=31.4<40
65_hs1-834228961_62-hq-83894_section_7,134,36.0,67,true,review=trueかつconf=36.0<40
65_hs1-834228961_62-hq-83894_section_7,136,95.0,0,true,0字・conf=95.0（白紙/図版判定）
65_hs1-834228961_62-hq-83894_section_7,140,95.0,0,true,0字・conf=95.0（白紙/図版判定）
65_hs1-834228961_62-hq-83894_section_7,146,36.1,55,true,review=trueかつconf=36.1<40
65_hs1-834228961_62-hq-83894_section_7,147,36.8,457,true,review=trueかつconf=36.8<40
65_hs1-834228961_62-hq-83894_section_7,148,38.1,63,true,review=trueかつconf=38.1<40
65_hs1-834228961_62-hq-83894_section_7,150,95.0,0,true,0字・conf=95.0（白紙/図版判定）
65_hs1-834228961_62-hq-83894_section_7,152,30.0,116,true,review=trueかつconf=30.0<40
65_hs1-834228961_62-hq-83894_section_7,155,34.0,81,true,review=trueかつconf=34.0<40
65_hs1-834228961_62-hq-83894_section_7,165,95.0,0,true,0字・conf=95.0（白紙/図版判定）
65_hs1-834228961_62-hq-83894_section_7,167,95.0,0,true,0字・conf=95.0（白紙/図版判定）
65_hs1-834228961_62-hq-83894_section_7,170,27.5,1617,true,review=trueかつconf=27.5<40
65_hs1-834228961_62-hq-83894_section_7,171,27.4,1544,true,review=trueかつconf=27.4<40
65_hs1-834228961_62-hq-83894_section_7,172,95.0,0,true,0字・conf=95.0（白紙/図版判定）
65_hs1-834228961_62-hq-83894_section_7,173,95.0,0,true,0字・conf=95.0（白紙/図版判定）
65_hs1-834228961_62-hq-83894_section_7,188,95.0,0,true,0字・conf=95.0（白紙/図版判定）
65_hs1-834228961_62-hq-83894_section_7,189,95.0,0,true,0字・conf=95.0（白紙/図版判定）
65_hs1-834228961_62-hq-83894_section_7,190,95.0,0,true,0字・conf=95.0（白紙/図版判定）
65_hs1-834228961_62-hq-83894_section_7,193,95.0,0,true,0字・conf=95.0（白紙/図版判定）
65_hs1-834228961_62-hq-83894_section_7,201,95.0,0,true,0字・conf=95.0（白紙/図版判定）
65_hs1-834228961_62-hq-83894_section_7,203,39.7,36,true,review=trueかつconf=39.7<40
65_hs1-834228961_62-hq-83894_section_8,4,95.0,0,true,0字・conf=95.0（白紙/図版判定）
65_hs1-834228961_62-hq-83894_section_8,27,31.9,165,true,review=trueかつconf=31.9<40
65_hs1-834228961_62-hq-83894_section_8,28,95.0,0,true,0字・conf=95.0（白紙/図版判定）
65_hs1-834228961_62-hq-83894_section_8,29,95.0,0,true,0字・conf=95.0（白紙/図版判定）
65_hs1-834228961_62-hq-83894_section_8,32,95.0,0,true,0字・conf=95.0（白紙/図版判定）
65_hs1-834228961_62-hq-83894_section_8,35,95.0,0,true,0字・conf=95.0（白紙/図版判定）
65_hs1-834228961_62-hq-83894_section_8,39,95.0,0,true,0字・conf=95.0（白紙/図版判定）
65_hs1-834228961_62-hq-83894_section_8,52,31.9,44,true,review=trueかつconf=31.9<40
65_hs1-834228961_62-hq-83894_section_8,54,37.7,143,true,review=trueかつconf=37.7<40
65_hs1-834228961_62-hq-83894_section_8,59,95.0,0,true,0字・conf=95.0（白紙/図版判定）
65_hs1-834228961_62-hq-83894_section_8,61,95.0,0,true,0字・conf=95.0（白紙/図版判定）
65_hs1-834228961_62-hq-83894_section_8,62,38.6,88,true,review=trueかつconf=38.6<40
65_hs1-834228961_62-hq-83894_section_8,63,95.0,0,true,0字・conf=95.0（白紙/図版判定）
65_hs1-834228961_62-hq-83894_section_8,64,37.7,295,true,review=trueかつconf=37.7<40
65_hs1-834228961_62-hq-83894_section_8,66,95.0,0,true,0字・conf=95.0（白紙/図版判定）
65_hs1-834228961_62-hq-83894_section_8,68,95.0,0,true,0字・conf=95.0（白紙/図版判定）
65_hs1-834228961_62-hq-83894_section_8,69,95.0,0,true,0字・conf=95.0（白紙/図版判定）
65_hs1-834228961_62-hq-83894_section_8,70,95.0,0,true,0字・conf=95.0（白紙/図版判定）
65_hs1-834228961_62-hq-83894_section_8,71,95.0,0,true,0字・conf=95.0（白紙/図版判定）
65_hs1-834228961_62-hq-83894_section_8,72,95.0,0,true,0字・conf=95.0（白紙/図版判定）
65_hs1-834228961_62-hq-83894_section_8,73,95.0,0,true,0字・conf=95.0（白紙/図版判定）
65_hs1-834228961_62-hq-83894_section_8,75,95.0,0,true,0字・conf=95.0（白紙/図版判定）
65_hs1-834228961_62-hq-83894_section_8,77,95.0,0,true,0字・conf=95.0（白紙/図版判定）
65_hs1-834228961_62-hq-83894_section_8,81,95.0,0,true,0字・conf=95.0（白紙/図版判定）
65_hs1-834228961_62-hq-83894_section_8,85,95.0,0,true,0字・conf=95.0（白紙/図版判定）
65_hs1-834228961_62-hq-83894_section_8,87,95.0,0,true,0字・conf=95.0（白紙/図版判定）
65_hs1-834228961_62-hq-83894_section_8,93,95.0,0,true,0字・conf=95.0（白紙/図版判定）
65_hs1-834228961_62-hq-83894_section_8,98,33.2,110,true,review=trueかつconf=33.2<40
65_hs1-834228961_62-hq-83894_section_8,103,95.0,0,true,0字・conf=95.0（白紙/図版判定）
65_hs1-834228961_62-hq-83894_section_8,110,95.0,0,true,0字・conf=95.0（白紙/図版判定）
65_hs1-834228961_62-hq-83894_section_8,111,95.0,0,true,0字・conf=95.0（白紙/図版判定）
65_hs1-834228961_62-hq-83894_section_8,114,n/a,0,true,0字・conf=0（Tesseract未取得）
65_hs1-834228961_62-hq-83894_section_8,116,95.0,0,true,0字・conf=95.0（白紙/図版判定）
65_hs1-834228961_62-hq-83894_section_8,122,34.8,64,true,review=trueかつconf=34.8<40
65_hs1-834228961_62-hq-83894_section_8,127,32.9,95,true,review=trueかつconf=32.9<40
65_hs1-834228961_62-hq-83894_section_8,131,95.0,0,true,0字・conf=95.0（白紙/図版判定）
65_hs1-834228961_62-hq-83894_section_8,136,95.0,0,true,0字・conf=95.0（白紙/図版判定）
65_hs1-834228961_62-hq-83894_section_8,138,95.0,0,true,0字・conf=95.0（白紙/図版判定）
65_hs1-834228961_62-hq-83894_section_8,140,95.0,0,true,0字・conf=95.0（白紙/図版判定）
65_hs1-834228961_62-hq-83894_section_8,143,95.0,0,true,0字・conf=95.0（白紙/図版判定）
65_hs1-834228961_62-hq-83894_section_8,146,39.0,84,true,review=trueかつconf=39.0<40
65_hs1-834228961_62-hq-83894_section_8,148,34.7,82,true,review=trueかつconf=34.7<40
65_hs1-834228961_62-hq-83894_section_8,150,95.0,0,true,0字・conf=95.0（白紙/図版判定）
65_hs1-834228961_62-hq-83894_section_8,152,23.3,50,true,conf=23.3<30かつchar=50<100
65_hs1-834228961_62-hq-83894_section_8,153,30.4,33,true,review=trueかつconf=30.4<40
65_hs1-834228961_62-hq-83894_section_8,154,33.0,111,true,review=trueかつconf=33.0<40
65_hs1-834228961_62-hq-83894_section_8,155,27.4,182,true,review=trueかつconf=27.4<40
65_hs1-834228961_62-hq-83894_section_8,157,95.0,0,true,0字・conf=95.0（白紙/図版判定）
65_hs1-834228961_62-hq-83894_section_8,158,95.0,0,true,0字・conf=95.0（白紙/図版判定）
65_hs1-834228961_62-hq-83894_section_8,166,95.0,0,true,0字・conf=95.0（白紙/図版判定）
65_hs1-834228961_62-hq-83894_section_8,171,95.0,0,true,0字・conf=95.0（白紙/図版判定）
65_hs1-834228961_62-hq-83894_section_8,175,35.2,73,true,review=trueかつconf=35.2<40
65_hs1-834228961_62-hq-83894_section_8,180,34.0,52,true,review=trueかつconf=34.0<40
65_hs1-834228961_62-hq-83894_section_8,182,39.6,67,true,review=trueかつconf=39.6<40
65_hs1-834228961_62-hq-83894_section_8,184,31.4,102,true,review=trueかつconf=31.4<40
65_hs1-834228961_62-hq-83894_section_8,188,95.0,0,true,0字・conf=95.0（白紙/図版判定）
65_hs1-834228961_62-hq-83894_section_8,194,27.9,75,true,conf=27.9<30かつchar=75<100
65_hs1-834228961_62-hq-83894_section_8,198,95.0,0,true,0字・conf=95.0（白紙/図版判定）
65_hs1-834228961_62-hq-83894_section_8,202,95.0,0,true,0字・conf=95.0（白紙/図版判定）
65_hs1-834228961_62-hq-83894_section_8,204,95.0,0,true,0字・conf=95.0（白紙/図版判定）
65_hs1-834228961_62-hq-83894_section_8,207,95.0,0,true,0字・conf=95.0（白紙/図版判定）
65_hs1-834228961_62-hq-83894_section_8,215,95.0,0,true,0字・conf=95.0（白紙/図版判定）
65_hs1-834228961_62-hq-83894_section_8,217,95.0,0,true,0字・conf=95.0（白紙/図版判定）
65_hs1-834228961_62-hq-83894_section_9,3,33.7,8,true,review=trueかつconf=33.7<40
65_hs1-834228961_62-hq-83894_section_9,5,95.0,0,true,0字・conf=95.0（白紙/図版判定）
65_hs1-834228961_62-hq-83894_section_9,7,39.6,23,true,review=trueかつconf=39.6<40
65_hs1-834228961_62-hq-83894_section_9,15,95.0,0,true,0字・conf=95.0（白紙/図版判定）
65_hs1-834228961_62-hq-83894_section_9,18,95.0,0,true,0字・conf=95.0（白紙/図版判定）
65_hs1-834228961_62-hq-83894_section_9,21,95.0,0,true,0字・conf=95.0（白紙/図版判定）
65_hs1-834228961_62-hq-83894_section_9,23,95.0,0,true,0字・conf=95.0（白紙/図版判定）
65_hs1-834228961_62-hq-83894_section_9,24,95.0,0,true,0字・conf=95.0（白紙/図版判定）
65_hs1-834228961_62-hq-83894_section_9,25,95.0,0,true,0字・conf=95.0（白紙/図版判定）
65_hs1-834228961_62-hq-83894_section_9,29,35.5,161,true,review=trueかつconf=35.5<40
65_hs1-834228961_62-hq-83894_section_9,30,34.8,78,true,review=trueかつconf=34.8<40
65_hs1-834228961_62-hq-83894_section_9,31,95.0,0,true,0字・conf=95.0（白紙/図版判定）
65_hs1-834228961_62-hq-83894_section_9,32,29.5,199,true,review=trueかつconf=29.5<40
65_hs1-834228961_62-hq-83894_section_9,33,32.9,158,true,review=trueかつconf=32.9<40
65_hs1-834228961_62-hq-83894_section_9,34,37.3,140,true,review=trueかつconf=37.3<40
65_hs1-834228961_62-hq-83894_section_9,36,29.6,176,true,review=trueかつconf=29.6<40
65_hs1-834228961_62-hq-83894_section_9,37,29.7,154,true,review=trueかつconf=29.7<40
65_hs1-834228961_62-hq-83894_section_9,39,26.8,87,true,conf=26.8<30かつchar=87<100
65_hs1-834228961_62-hq-83894_section_9,41,95.0,0,true,0字・conf=95.0（白紙/図版判定）
65_hs1-834228961_62-hq-83894_section_9,49,95.0,0,true,0字・conf=95.0（白紙/図版判定）
65_hs1-834228961_62-hq-83894_section_9,50,95.0,0,true,0字・conf=95.0（白紙/図版判定）
65_hs1-834228961_62-hq-83894_section_9,55,25.2,39,true,conf=25.2<30かつchar=39<100
65_hs1-834228961_62-hq-83894_section_9,57,95.0,0,true,0字・conf=95.0（白紙/図版判定）
65_hs1-834228961_62-hq-83894_section_9,59,33.3,78,true,review=trueかつconf=33.3<40
65_hs1-834228961_62-hq-83894_section_9,61,95.0,0,true,0字・conf=95.0（白紙/図版判定）
65_hs1-834228961_62-hq-83894_section_9,68,95.0,0,true,0字・conf=95.0（白紙/図版判定）
65_hs1-834228961_62-hq-83894_section_9,70,23.4,14,true,conf=23.4<30かつchar=14<100
65_hs1-834228961_62-hq-83894_section_9,78,95.0,0,true,0字・conf=95.0（白紙/図版判定）
65_hs1-834228961_62-hq-83894_section_9,85,95.0,0,true,0字・conf=95.0（白紙/図版判定）
65_hs1-834228961_62-hq-83894_section_9,87,28.4,53,true,conf=28.4<30かつchar=53<100
65_hs1-834228961_62-hq-83894_section_9,92,95.0,0,true,0字・conf=95.0（白紙/図版判定）
65_hs1-834228961_62-hq-83894_section_9,94,27.9,36,true,conf=27.9<30かつchar=36<100
65_hs1-834228961_62-hq-83894_section_9,96,29.2,49,true,conf=29.2<30かつchar=49<100
65_hs1-834228961_62-hq-83894_section_9,104,35.1,59,true,review=trueかつconf=35.1<40
65_hs1-834228961_62-hq-83894_section_9,106,95.0,0,true,0字・conf=95.0（白紙/図版判定）
65_hs1-834228961_62-hq-83894_section_9,107,35.4,98,true,review=trueかつconf=35.4<40
65_hs1-834228961_62-hq-83894_section_9,117,95.0,0,true,0字・conf=95.0（白紙/図版判定）
65_hs1-834228961_62-hq-83894_section_9,119,95.0,0,true,0字・conf=95.0（白紙/図版判定）
65_hs1-834228961_62-hq-83894_section_9,122,95.0,0,true,0字・conf=95.0（白紙/図版判定）
65_hs1-834228961_62-hq-83894_section_9,131,95.0,0,true,0字・conf=95.0（白紙/図版判定）
65_hs1-834228961_62-hq-83894_section_9,133,27.0,11,true,conf=27.0<30かつchar=11<100
65_hs1-834228961_62-hq-83894_section_9,142,95.0,0,true,0字・conf=95.0（白紙/図版判定）
65_hs1-834228961_62-hq-83894_section_9,143,28.0,22,true,conf=28.0<30かつchar=22<100
65_hs1-834228961_62-hq-83894_section_9,147,95.0,0,true,0字・conf=95.0（白紙/図版判定）
65_hs1-834228961_62-hq-83894_section_9,157,35.8,68,true,review=trueかつconf=35.8<40
65_hs1-834228961_62-hq-83894_section_9,161,35.9,19,true,review=trueかつconf=35.9<40
65_hs1-834228961_62-hq-83894_section_9,172,95.0,0,true,0字・conf=95.0（白紙/図版判定）
65_hs1-834228961_62-hq-83894_section_9,195,95.0,0,true,0字・conf=95.0（白紙/図版判定）
65_hs1-834228961_62-hq-83894_section_9,197,95.0,0,true,0字・conf=95.0（白紙/図版判定）
65_hs1-834228961_62-hq-83894_section_9,203,95.0,0,true,0字・conf=95.0（白紙/図版判定）
65_hs1-834228961_62-hq-83894_section_9,205,95.0,0,true,0字・conf=95.0（白紙/図版判定）
65_hs1-834228961_62-hq-83894_section_9,207,95.0,0,true,0字・conf=95.0（白紙/図版判定）
65_hs1-834228961_62-hq-83894_section_9,208,95.0,0,true,0字・conf=95.0（白紙/図版判定）
65_hs1-834228961_62-hq-83894_section_9,210,95.0,0,true,0字・conf=95.0（白紙/図版判定）
65_hs1-834228961_62-hq-83894_section_9,214,34.2,52,true,review=trueかつconf=34.2<40
65_hs1-834228961_62-hq-83894_section_9,216,95.0,0,true,0字・conf=95.0（白紙/図版判定）
65_hs1-834228961_62-hq-83894_section_9,218,95.0,0,true,0字・conf=95.0（白紙/図版判定）
65_hs1-834228961_62-hq-83894_section_9,220,33.0,21,true,review=trueかつconf=33.0<40
65_hs1-834228961_62-hq-83894_section_9,222,38.6,61,true,review=trueかつconf=38.6<40
65_hs1-834228961_62-hq-83894_section_9,225,95.0,0,true,0字・conf=95.0（白紙/図版判定）
65_hs1-834228961_62-hq-83894_section_9,227,33.5,93,true,review=trueかつconf=33.5<40
65_hs1-834228961_62-hq-83894_section_9,230,95.0,0,true,0字・conf=95.0（白紙/図版判定）
65_hs1-834228961_62-hq-83894_section_9,234,95.0,0,true,0字・conf=95.0（白紙/図版判定）
65_hs1-834228961_62-hq-83894_section_9,240,95.0,0,true,0字・conf=95.0（白紙/図版判定）
65_hs1-834228961_62-hq-83894_section_9,253,95.0,0,true,0字・conf=95.0（白紙/図版判定）
65_hs1-834228961_62-hq-83894_section_9,255,95.0,0,true,0字・conf=95.0（白紙/図版判定）
65_hs1-834228961_62-hq-83894_section_9,260,29.2,33,true,conf=29.2<30かつchar=33<100
65_hs1-834228961_62-hq-83894_section_9,262,95.0,0,true,0字・conf=95.0（白紙/図版判定）
65_hs1-834228961_62-hq-83894_section_9,264,95.0,0,true,0字・conf=95.0（白紙/図版判定）
65_hs1-834228961_62-hq-83894_section_9,266,95.0,0,true,0字・conf=95.0（白紙/図版判定）
65_hs1-834228961_62-hq-83894_section_9,268,38.3,141,true,review=trueかつconf=38.3<40
65_hs1-834228961_62-hq-83894_section_9,269,95.0,0,true,0字・conf=95.0（白紙/図版判定）
65_hs1-834228961_62-hq-83894_section_9,270,95.0,0,true,0字・conf=95.0（白紙/図版判定）
65_hs1-834228961_62-hq-83894_section_9,272,95.0,0,true,0字・conf=95.0（白紙/図版判定）
65_hs1-834228961_62-hq-83894_section_9,275,95.0,0,true,0字・conf=95.0（白紙/図版判定）
65_hs1-834228961_62-hq-83894_section_9,278,95.0,0,true,0字・conf=95.0（白紙/図版判定）
65_hs1-834228961_62-hq-83894_section_9,280,95.0,0,true,0字・conf=95.0（白紙/図版判定）
65_hs1-834228961_62-hq-83894_section_9,284,95.0,0,true,0字・conf=95.0（白紙/図版判定）
65_hs1-834228961_62-hq-83894_section_9,286,95.0,0,true,0字・conf=95.0（白紙/図版判定）
65_hs1-834228961_62-hq-83894_section_9,288,23.1,95,true,conf=23.1<30かつchar=95<100
65_hs1-834228961_62-hq-83894_section_9,289,95.0,0,true,0字・conf=95.0（白紙/図版判定）
65_hs1-834228961_62-hq-83894_section_9,290,95.0,0,true,0字・conf=95.0（白紙/図版判定）
65_hs1-834228961_62-hq-83894_serial_130,6,95.0,0,true,0字・conf=95.0（白紙/図版判定）
65_hs1-834228961_62-hq-83894_serial_130,7,95.0,0,true,0字・conf=95.0（白紙/図版判定）
65_hs1-834228961_62-hq-83894_serial_130,10,34.2,146,true,review=trueかつconf=34.2<40
65_hs1-834228961_62-hq-83894_serial_130,11,33.8,84,true,review=trueかつconf=33.8<40
65_hs1-834228961_62-hq-83894_serial_130,13,29.9,170,true,review=trueかつconf=29.9<40
65_hs1-834228961_62-hq-83894_serial_130,70,95.0,0,true,0字・conf=95.0（白紙/図版判定）
65_hs1-834228961_62-hq-83894_serial_130,71,95.0,0,true,0字・conf=95.0（白紙/図版判定）
65_hs1-834228961_62-hq-83894_serial_130,72,95.0,0,true,0字・conf=95.0（白紙/図版判定）
65_hs1-834228961_62-hq-83894_serial_130,92,95.0,0,true,0字・conf=95.0（白紙/図版判定）
65_hs1-834228961_62-hq-83894_serial_130,94,34.6,61,true,review=trueかつconf=34.6<40
65_hs1-834228961_62-hq-83894_serial_130,101,23.8,19,true,conf=23.8<30かつchar=19<100
65_hs1-834228961_62-hq-83894_serial_130,105,95.0,0,true,0字・conf=95.0（白紙/図版判定）
65_hs1-834228961_62-hq-83894_serial_130,113,95.0,0,true,0字・conf=95.0（白紙/図版判定）
65_hs1-834228961_62-hq-83894_serial_130,117,27.4,302,true,review=trueかつconf=27.4<40
65_hs1-834228961_62-hq-83894_serial_130,122,95.0,0,true,0字・conf=95.0（白紙/図版判定）
65_hs1-834228961_62-hq-83894_serial_130,124,95.0,0,true,0字・conf=95.0（白紙/図版判定）
65_hs1-834228961_62-hq-83894_serial_153,1,39.9,80,true,review=trueかつconf=39.9<40
65_hs1-834228961_62-hq-83894_serial_153,3,95.0,0,true,0字・conf=95.0（白紙/図版判定）
65_hs1-834228961_62-hq-83894_serial_153,5,95.0,0,true,0字・conf=95.0（白紙/図版判定）
65_hs1-834228961_62-hq-83894_serial_153,6,95.0,0,true,0字・conf=95.0（白紙/図版判定）
65_hs1-834228961_62-hq-83894_serial_153,7,95.0,0,true,0字・conf=95.0（白紙/図版判定）
65_hs1-834228961_62-hq-83894_serial_153,8,95.0,0,true,0字・conf=95.0（白紙/図版判定）
65_hs1-834228961_62-hq-83894_serial_153,9,95.0,0,true,0字・conf=95.0（白紙/図版判定）
65_hs1-834228961_62-hq-83894_serial_220,6,95.0,0,true,0字・conf=95.0（白紙/図版判定）
65_hs1-834228961_62-hq-83894_serial_220,10,95.0,0,true,0字・conf=95.0（白紙/図版判定）
65_hs1-834228961_62-hq-83894_serial_220,14,35.8,59,true,review=trueかつconf=35.8<40
65_hs1-834228961_62-hq-83894_serial_220,15,95.0,0,true,0字・conf=95.0（白紙/図版判定）
65_hs1-834228961_62-hq-83894_serial_403,1,95.0,0,true,0字・conf=95.0（白紙/図版判定）
65_hs1-834228961_62-hq-83894_serial_438,38,95.0,0,true,0字・conf=95.0（白紙/図版判定）
65_hs1-834228961_62-hq-83894_serial_438,39,95.0,0,true,0字・conf=95.0（白紙/図版判定）
65_hs1-834228961_62-hq-83894_serial_438,40,95.0,0,true,0字・conf=95.0（白紙/図版判定）
65_hs1-834228961_62-hq-83894_serial_449,1,36.2,48,true,review=trueかつconf=36.2<40
DOE-UAP-D002_JamesTuck_Correspondence,2,95.0,0,true,0字・conf=95.0（白紙/図版判定）
DOW-UAP-D017_General_Correspondence_Of_Sandia,62,95.0,0,true,0字・conf=95.0（白紙/図版判定）
DOW-UAP-D017_General_Correspondence_Of_Sandia,69,95.0,0,true,0字・conf=95.0（白紙/図版判定）
DOW-UAP-D017_General_Correspondence_Of_Sandia,89,95.0,0,true,0字・conf=95.0（白紙/図版判定）
DOW-UAP-D017_General_Correspondence_Of_Sandia,100,37.5,46,true,review=trueかつconf=37.5<40
DOW-UAP-D017_General_Correspondence_Of_Sandia,110,38.6,471,true,review=trueかつconf=38.6<40
DOW-UAP-D017_General_Correspondence_Of_Sandia,112,95.0,0,true,0字・conf=95.0（白紙/図版判定）
DOW-UAP-D017_General_Correspondence_Of_Sandia,114,39.5,95,true,review=trueかつconf=39.5<40
DOW-UAP-D017_General_Correspondence_Of_Sandia,115,37.7,342,true,review=trueかつconf=37.7<40
DOW-UAP-D017_General_Correspondence_Of_Sandia,116,95.0,0,true,0字・conf=95.0（白紙/図版判定）
dow-uap-d4-mission-report-arabian-gulf-2020,2,95.0,0,true,0字・conf=95.0（白紙/図版判定）
dow-uap-d4-mission-report-arabian-gulf-2020,3,95.0,0,true,0字・conf=95.0（白紙/図版判定）
dow-uap-d4-mission-report-arabian-gulf-2020,4,95.0,0,true,0字・conf=95.0（白紙/図版判定）
dow-uap-d5-mission-report-arabian-gulf-2020,1,95.0,0,true,0字・conf=95.0（白紙/図版判定）
dow-uap-d51-email-correspondence-pacific-time-zone-march-2023,3,95.0,0,true,0字・conf=95.0（白紙/図版判定）
dow-uap-d51-email-correspondence-pacific-time-zone-march-2023,6,n/a,0,true,0字・conf=0（Tesseract未取得）
fbi-photo-b1,1,95.0,0,true,0字・conf=95.0（白紙/図版判定）
fbi-photo-b10,1,95.0,0,true,0字・conf=95.0（白紙/図版判定）
fbi-photo-b11,1,95.0,0,true,0字・conf=95.0（白紙/図版判定）
fbi-photo-b12,1,95.0,0,true,0字・conf=95.0（白紙/図版判定）
fbi-photo-b13,1,95.0,0,true,0字・conf=95.0（白紙/図版判定）
fbi-photo-b14,1,95.0,0,true,0字・conf=95.0（白紙/図版判定）
fbi-photo-b15,1,95.0,0,true,0字・conf=95.0（白紙/図版判定）
fbi-photo-b16,1,95.0,0,true,0字・conf=95.0（白紙/図版判定）
fbi-photo-b17,1,95.0,0,true,0字・conf=95.0（白紙/図版判定）
fbi-photo-b18,1,95.0,0,true,0字・conf=95.0（白紙/図版判定）
fbi-photo-b19,1,95.0,0,true,0字・conf=95.0（白紙/図版判定）
fbi-photo-b2,1,95.0,0,true,0字・conf=95.0（白紙/図版判定）
fbi-photo-b20,1,95.0,0,true,0字・conf=95.0（白紙/図版判定）
fbi-photo-b21,1,95.0,0,true,0字・conf=95.0（白紙/図版判定）
fbi-photo-b22,1,95.0,0,true,0字・conf=95.0（白紙/図版判定）
fbi-photo-b23,1,95.0,0,true,0字・conf=95.0（白紙/図版判定）
fbi-photo-b24,1,95.0,0,true,0字・conf=95.0（白紙/図版判定）
fbi-photo-b3,1,95.0,0,true,0字・conf=95.0（白紙/図版判定）
fbi-photo-b4,1,95.0,0,true,0字・conf=95.0（白紙/図版判定）
fbi-photo-b5,1,95.0,0,true,0字・conf=95.0（白紙/図版判定）
fbi-photo-b6,1,95.0,0,true,0字・conf=95.0（白紙/図版判定）
fbi-photo-b7,1,95.0,0,true,0字・conf=95.0（白紙/図版判定）
fbi-photo-b8,1,95.0,0,true,0字・conf=95.0（白紙/図版判定）
fbi-photo-b9,1,95.0,0,true,0字・conf=95.0（白紙/図版判定）
