pair_id,frame_prev,frame_curr,timestamp_s,camera_event,cam_dx_px,cam_dy_px,pan_confidence,hf_prev,hf_curr,hf_ratio,ed_prev,ed_curr,ed_ratio,brightness_prev,brightness_curr,blackout_curr,whiteout_curr,camera_confidence,camera_notes
0,frame_0000.png,frame_0003.png,3,STATIC,6,1,1.0,0.1261,0.07705,0.611,0.00475,0.00548,1.153,81.8,60.5,False,False,0.8,前後フレーム間で有意な変化なし
1,frame_0003.png,frame_0006.png,6,STATIC,7,1,1.0,0.07705,0.05625,0.73,0.00548,0.00867,1.582,60.5,104.5,False,False,0.8,前後フレーム間で有意な変化なし
2,frame_0006.png,frame_0009.png,9,FOV_IN,6,2,1.0,0.05625,0.11727,2.085,0.00867,0.00839,0.968,104.5,113.0,False,False,0.4,高周波比↑ (0.056→0.117 ×2.08): ズームイン方向 FOV 変化候補（地形テクスチャ変化との混同注意・要目視確認）
3,frame_0009.png,frame_0012.png,12,STATIC,7,1,1.0,0.11727,0.07532,0.642,0.00839,0.00667,0.794,113.0,96.4,False,False,0.8,前後フレーム間で有意な変化なし
4,frame_0012.png,frame_0015.png,15,STATIC,7,3,1.0,0.07532,0.05251,0.697,0.00667,0.00745,1.118,96.4,82.2,False,False,0.8,前後フレーム間で有意な変化なし
5,frame_0015.png,frame_0018.png,18,STATIC,6,2,1.0,0.05251,0.06563,1.25,0.00745,0.00596,0.8,82.2,75.2,False,False,0.8,前後フレーム間で有意な変化なし
6,frame_0018.png,frame_0021.png,21,STATIC,6,2,1.0,0.06563,0.0834,1.271,0.00596,0.00682,1.143,75.2,98.4,False,False,0.8,前後フレーム間で有意な変化なし
7,frame_0021.png,frame_0024.png,24,STATIC,7,3,1.0,0.0834,0.03838,0.46,0.00682,0.00728,1.067,98.4,93.2,False,False,0.8,前後フレーム間で有意な変化なし
8,frame_0024.png,frame_0027.png,27,STATIC,5,2,1.0,0.03838,0.04801,1.251,0.00728,0.01581,2.173,93.2,89.8,False,False,0.8,前後フレーム間で有意な変化なし
9,frame_0027.png,frame_0030.png,30,STATIC,6,3,1.0,0.04801,0.0589,1.227,0.01581,0.01479,0.935,89.8,89.1,False,False,0.8,前後フレーム間で有意な変化なし
10,frame_0030.png,frame_0033.png,33,FOV_IN,5,3,1.0,0.0589,0.1554,2.638,0.01479,0.00987,0.667,89.1,90.6,False,False,0.4,高周波比↑ (0.059→0.155 ×2.64): ズームイン方向 FOV 変化候補（地形テクスチャ変化との混同注意・要目視確認）
11,frame_0033.png,frame_0036.png,36,STATIC,6,3,1.0,0.1554,0.06523,0.42,0.00987,0.01011,1.024,90.6,79.2,False,False,0.8,前後フレーム間で有意な変化なし
12,frame_0036.png,frame_0039.png,39,STATIC,5,3,1.0,0.06523,0.05752,0.882,0.01011,0.01252,1.238,79.2,98.9,False,False,0.8,前後フレーム間で有意な変化なし
13,frame_0039.png,frame_0042.png,42,STATIC,5,3,1.0,0.05752,0.10231,1.779,0.01252,0.0094,0.751,98.9,100.7,False,False,0.8,前後フレーム間で有意な変化なし
14,frame_0042.png,frame_0045.png,45,STATIC,5,4,1.0,0.10231,0.06966,0.681,0.0094,0.01373,1.462,100.7,82.5,False,False,0.8,前後フレーム間で有意な変化なし
15,frame_0045.png,frame_0048.png,48,STATIC,5,3,1.0,0.06966,0.06827,0.98,0.01373,0.01189,0.866,82.5,107.7,False,False,0.8,前後フレーム間で有意な変化なし
16,frame_0048.png,frame_0051.png,51,STATIC,5,4,1.0,0.06827,0.0496,0.726,0.01189,0.01065,0.896,107.7,91.5,False,False,0.8,前後フレーム間で有意な変化なし
17,frame_0051.png,frame_0054.png,54,FOV_IN,4,4,1.0,0.0496,0.14153,2.854,0.01065,0.00624,0.586,91.5,82.0,False,False,0.4,高周波比↑ (0.050→0.142 ×2.85): ズームイン方向 FOV 変化候補（地形テクスチャ変化との混同注意・要目視確認）
18,frame_0054.png,frame_0057.png,57,STATIC,5,4,1.0,0.14153,0.08517,0.602,0.00624,0.00725,1.162,82.0,83.3,False,False,0.8,前後フレーム間で有意な変化なし
19,frame_0057.png,frame_0060.png,60,STATIC,4,5,1.0,0.08517,0.07506,0.881,0.00725,0.00866,1.196,83.3,86.6,False,False,0.8,前後フレーム間で有意な変化なし
20,frame_0060.png,frame_0063.png,63,STATIC,4,4,1.0,0.07506,0.10934,1.457,0.00866,0.00507,0.586,86.6,66.6,False,False,0.8,前後フレーム間で有意な変化なし
21,frame_0063.png,frame_0066.png,66,STATIC,4,4,1.0,0.10934,0.08484,0.776,0.00507,0.00841,1.658,66.6,109.4,False,False,0.8,前後フレーム間で有意な変化なし
22,frame_0066.png,frame_0069.png,69,STATIC,0,0,1.0,0.08484,0.05338,0.629,0.00841,0.01356,1.611,109.4,106.3,False,False,0.8,前後フレーム間で有意な変化なし
23,frame_0069.png,frame_0072.png,72,STATIC,0,0,1.0,0.05338,0.0765,1.433,0.01356,0.01058,0.781,106.3,89.3,False,False,0.8,前後フレーム間で有意な変化なし
24,frame_0072.png,frame_0075.png,75,STATIC,0,0,1.0,0.0765,0.02152,0.281,0.01058,0.00881,0.832,89.3,90.9,False,False,0.8,前後フレーム間で有意な変化なし
25,frame_0075.png,frame_0078.png,78,STATIC,0,0,1.0,0.02152,0.04706,0.0,0.00881,0.01296,1.471,90.9,79.6,False,False,0.8,前後フレーム間で有意な変化なし
26,frame_0078.png,frame_0081.png,81,FOV_IN,0,0,1.0,0.04706,0.11265,2.394,0.01296,0.00698,0.539,79.6,83.5,False,False,0.4,高周波比↑ (0.047→0.113 ×2.39): ズームイン方向 FOV 変化候補（地形テクスチャ変化との混同注意・要目視確認）
27,frame_0081.png,frame_0084.png,84,STATIC,0,0,1.0,0.11265,0.05828,0.517,0.00698,0.01327,1.9,83.5,80.5,False,False,0.8,前後フレーム間で有意な変化なし
28,frame_0084.png,frame_0087.png,87,STATIC,0,0,1.0,0.05828,0.07006,1.202,0.01327,0.0118,0.889,80.5,108.4,False,False,0.8,前後フレーム間で有意な変化なし
29,frame_0087.png,frame_0090.png,90,STATIC,0,0,1.0,0.07006,0.03525,0.503,0.0118,0.01548,1.311,108.4,96.5,False,False,0.8,前後フレーム間で有意な変化なし
30,frame_0090.png,frame_0093.png,93,STATIC,0,0,1.0,0.03525,0.03398,0.964,0.01548,0.01221,0.789,96.5,69.7,False,False,0.8,前後フレーム間で有意な変化なし
31,frame_0093.png,frame_0096.png,96,STATIC,0,0,1.0,0.03398,0.06475,1.906,0.01221,0.01169,0.957,69.7,55.6,False,False,0.8,前後フレーム間で有意な変化なし
32,frame_0096.png,frame_0099.png,99,STATIC,0,0,1.0,0.06475,0.04597,0.71,0.01169,0.01081,0.925,55.6,77.1,False,False,0.8,前後フレーム間で有意な変化なし
33,frame_0099.png,frame_0102.png,102,STATIC,0,0,1.0,0.04597,0.0365,0.794,0.01081,0.016,1.48,77.1,61.7,False,False,0.8,前後フレーム間で有意な変化なし
34,frame_0102.png,frame_0105.png,105,STATIC,0,0,1.0,0.0365,0.02467,0.676,0.016,0.01479,0.924,61.7,107.9,False,False,0.8,前後フレーム間で有意な変化なし
35,frame_0105.png,frame_0108.png,108,STATIC,0,0,1.0,0.02467,0.07027,0.0,0.01479,0.00997,0.674,107.9,65.4,False,False,0.8,前後フレーム間で有意な変化なし
36,frame_0108.png,frame_0111.png,111,STATIC,0,0,1.0,0.07027,0.04567,0.65,0.00997,0.01112,1.115,65.4,73.0,False,False,0.8,前後フレーム間で有意な変化なし
37,frame_0111.png,frame_0114.png,114,STATIC,0,0,1.0,0.04567,0.0617,1.351,0.01112,0.0167,1.502,73.0,75.1,False,False,0.8,前後フレーム間で有意な変化なし
38,frame_0114.png,frame_0117.png,117,STATIC,0,0,1.0,0.0617,0.06486,1.051,0.0167,0.01071,0.641,75.1,77.9,False,False,0.8,前後フレーム間で有意な変化なし
39,frame_0117.png,frame_0120.png,120,STATIC,0,0,1.0,0.06486,0.05244,0.808,0.01071,0.01434,1.339,77.9,64.8,False,False,0.8,前後フレーム間で有意な変化なし
40,frame_0120.png,frame_0123.png,123,STATIC,0,0,1.0,0.05244,0.04635,0.884,0.01434,0.01631,1.137,64.8,78.5,False,False,0.8,前後フレーム間で有意な変化なし
41,frame_0123.png,frame_0126.png,126,FOV_IN,0,82,0.707,0.04635,0.09405,2.029,0.01631,0.00532,0.326,78.5,72.3,False,False,0.4,高周波比↑ (0.046→0.094 ×2.03): ズームイン方向 FOV 変化候補（地形テクスチャ変化との混同注意・要目視確認）
42,frame_0126.png,frame_0129.png,129,STATIC,304,0,0.798,0.09405,0.09003,0.957,0.00532,0.00576,1.082,72.3,87.6,False,False,0.8,前後フレーム間で有意な変化なし
43,frame_0129.png,frame_0132.png,132,STATIC,0,0,1.0,0.09003,0.11806,1.311,0.00576,0.00671,1.166,87.6,65.7,False,False,0.8,前後フレーム間で有意な変化なし
44,frame_0132.png,frame_0135.png,135,STATIC,0,0,1.0,0.11806,0.15047,1.275,0.00671,0.00501,0.746,65.7,74.1,False,False,0.8,前後フレーム間で有意な変化なし
45,frame_0135.png,frame_0138.png,138,STATIC,0,0,1.0,0.15047,0.10193,0.677,0.00501,0.00746,1.49,74.1,95.7,False,False,0.8,前後フレーム間で有意な変化なし
46,frame_0138.png,frame_0141.png,141,STATIC,93,170,1.0,0.10193,0.11856,1.163,0.00746,0.00415,0.556,95.7,64.0,False,False,0.8,前後フレーム間で有意な変化なし
47,frame_0141.png,frame_0144.png,144,STATIC,-216,151,0.812,0.11856,0.06297,0.531,0.00415,0.00657,1.583,64.0,92.4,False,False,0.8,前後フレーム間で有意な変化なし
48,frame_0144.png,frame_0147.png,147,PAN,53,41,0.414,0.06297,0.0569,0.904,0.00657,0.00645,0.982,92.4,88.8,False,False,0.414,カメラパン dx=+53px (conf=0.41)
49,frame_0147.png,frame_0150.png,150,FOV_IN,71,68,0.361,0.0569,0.11495,2.02,0.00645,0.00602,0.933,88.8,102.5,False,False,0.4,高周波比↑ (0.057→0.115 ×2.02): ズームイン方向 FOV 変化候補（地形テクスチャ変化との混同注意・要目視確認）
50,frame_0150.png,frame_0153.png,153,STATIC,0,0,1.0,0.11495,0.05804,0.505,0.00602,0.00843,1.401,102.5,106.4,False,False,0.8,前後フレーム間で有意な変化なし
51,frame_0153.png,frame_0156.png,156,FOV_IN,0,0,1.0,0.05804,0.1418,2.443,0.00843,0.00562,0.667,106.4,92.6,False,False,0.4,高周波比↑ (0.058→0.142 ×2.44): ズームイン方向 FOV 変化候補（地形テクスチャ変化との混同注意・要目視確認）
52,frame_0156.png,frame_0159.png,159,STATIC,0,0,1.0,0.1418,0.0637,0.449,0.00562,0.00611,1.087,92.6,91.6,False,False,0.8,前後フレーム間で有意な変化なし
53,frame_0159.png,frame_0162.png,162,FOV_IN,-156,0,1.0,0.0637,0.19262,3.024,0.00611,0.00566,0.926,91.6,83.0,False,False,0.4,高周波比↑ (0.064→0.193 ×3.02): ズームイン方向 FOV 変化候補（地形テクスチャ変化との混同注意・要目視確認）
54,frame_0162.png,frame_0165.png,165,STATIC,136,0,1.0,0.19262,0.15743,0.817,0.00566,0.00507,0.896,83.0,87.3,False,False,0.8,前後フレーム間で有意な変化なし
55,frame_0165.png,frame_0168.png,168,FOV_OUT,-195,168,1.0,0.15743,0.04945,0.314,0.00507,0.00661,1.304,87.3,80.2,False,False,0.4,高周波比↓ (0.157→0.049 ×0.31): ズームアウト方向 FOV 変化候補（地形テクスチャ変化との混同注意・要目視確認）
56,frame_0168.png,frame_0171.png,171,STATIC,-3,0,1.0,0.04945,0.07641,1.545,0.00661,0.00453,0.686,80.2,81.7,False,False,0.8,前後フレーム間で有意な変化なし
57,frame_0171.png,frame_0174.png,174,STATIC,135,-127,0.926,0.07641,0.06658,0.871,0.00453,0.0077,1.699,81.7,76.8,False,False,0.8,前後フレーム間で有意な変化なし
58,frame_0174.png,frame_0177.png,177,STATIC,-271,0,0.565,0.06658,0.09242,1.388,0.0077,0.00721,0.937,76.8,101.4,False,False,0.8,前後フレーム間で有意な変化なし
59,frame_0177.png,frame_0180.png,180,STATIC,271,0,0.508,0.09242,0.11231,1.215,0.00721,0.00437,0.606,101.4,62.2,False,False,0.8,前後フレーム間で有意な変化なし
60,frame_0180.png,frame_0183.png,183,FOV_OUT,-210,150,0.491,0.11231,0.03776,0.336,0.00437,0.00537,1.23,62.2,73.5,False,False,0.4,高周波比↓ (0.112→0.038 ×0.34): ズームアウト方向 FOV 変化候補（地形テクスチャ変化との混同注意・要目視確認）
61,frame_0183.png,frame_0186.png,186,FOV_IN,0,0,0.986,0.03776,0.08004,2.12,0.00537,0.00791,1.474,73.5,94.3,False,False,0.4,高周波比↑ (0.038→0.080 ×2.12): ズームイン方向 FOV 変化候補（地形テクスチャ変化との混同注意・要目視確認）
62,frame_0186.png,frame_0189.png,189,FOV_OUT,107,-176,0.821,0.08004,0.03038,0.379,0.00791,0.00582,0.736,94.3,69.8,False,False,0.4,高周波比↓ (0.080→0.030 ×0.38): ズームアウト方向 FOV 変化候補（地形テクスチャ変化との混同注意・要目視確認）
63,frame_0189.png,frame_0192.png,192,STATIC,-107,173,0.911,0.03038,0.03763,1.239,0.00582,0.00525,0.902,69.8,80.7,False,False,0.8,前後フレーム間で有意な変化なし
64,frame_0192.png,frame_0195.png,195,FOV_IN,0,0,1.0,0.03763,0.0937,2.49,0.00525,0.00644,1.227,80.7,85.1,False,False,0.4,高周波比↑ (0.038→0.094 ×2.49): ズームイン方向 FOV 変化候補（地形テクスチャ変化との混同注意・要目視確認）
65,frame_0195.png,frame_0198.png,198,FOV_IN,0,0,0.82,0.0937,0.24187,2.581,0.00644,0.00646,1.003,85.1,79.4,False,False,0.4,高周波比↑ (0.094→0.242 ×2.58): ズームイン方向 FOV 変化候補（地形テクスチャ変化との混同注意・要目視確認）
66,frame_0198.png,frame_0201.png,201,FOV_OUT,0,0,1.0,0.24187,0.04174,0.173,0.00646,0.00796,1.233,79.4,96.7,False,False,0.4,高周波比↓ (0.242→0.042 ×0.17): ズームアウト方向 FOV 変化候補（地形テクスチャ変化との混同注意・要目視確認）
67,frame_0201.png,frame_0204.png,204,FOV_IN,124,0,1.0,0.04174,0.15548,3.725,0.00796,0.00455,0.572,96.7,82.5,False,False,0.4,高周波比↑ (0.042→0.155 ×3.73): ズームイン方向 FOV 変化候補（地形テクスチャ変化との混同注意・要目視確認）
68,frame_0204.png,frame_0207.png,207,STATIC,0,0,1.0,0.15548,0.28076,1.806,0.00455,0.00401,0.881,82.5,88.5,False,False,0.8,前後フレーム間で有意な変化なし
69,frame_0207.png,frame_0210.png,210,STATIC,-151,0,1.0,0.28076,0.14167,0.505,0.00401,0.0041,1.024,88.5,73.0,False,False,0.8,前後フレーム間で有意な変化なし
70,frame_0210.png,frame_0213.png,213,PAN,-80,0,1.0,0.14167,0.14399,1.016,0.0041,0.00415,1.011,73.0,81.7,False,False,0.7,カメラパン dx=-80px (conf=1.00)
71,frame_0213.png,frame_0216.png,216,STATIC,0,0,1.0,0.14399,0.21657,1.504,0.00415,0.00449,1.082,81.7,76.3,False,False,0.8,前後フレーム間で有意な変化なし
72,frame_0216.png,frame_0219.png,219,STATIC,0,-174,0.371,0.21657,0.09181,0.424,0.00449,0.00574,1.278,76.3,80.3,False,False,0.8,前後フレーム間で有意な変化なし
73,frame_0219.png,frame_0222.png,222,STATIC,0,-105,0.474,0.09181,0.11026,1.201,0.00574,0.00716,1.247,80.3,72.1,False,False,0.8,前後フレーム間で有意な変化なし
74,frame_0222.png,frame_0225.png,225,STATIC,-169,0,0.711,0.11026,0.21818,1.979,0.00716,0.00458,0.639,72.1,77.1,False,False,0.8,前後フレーム間で有意な変化なし
75,frame_0225.png,frame_0228.png,228,STATIC,-94,-92,0.349,0.21818,0.20258,0.928,0.00458,0.0041,0.895,77.1,63.0,False,False,0.8,前後フレーム間で有意な変化なし
76,frame_0228.png,frame_0231.png,231,FOV_OUT,0,1,0.388,0.20258,0.06604,0.326,0.0041,0.00539,1.316,63.0,74.2,False,False,0.4,高周波比↓ (0.203→0.066 ×0.33): ズームアウト方向 FOV 変化候補（地形テクスチャ変化との混同注意・要目視確認）
77,frame_0231.png,frame_0234.png,234,FOV_IN,0,0,1.0,0.06604,0.1805,2.733,0.00539,0.00498,0.923,74.2,107.1,False,False,0.4,高周波比↑ (0.066→0.181 ×2.73): ズームイン方向 FOV 変化候補（地形テクスチャ変化との混同注意・要目視確認）
78,frame_0234.png,frame_0237.png,237,STATIC,2,-1,0.684,0.1805,0.14275,0.791,0.00498,0.0057,1.146,107.1,77.6,False,False,0.8,前後フレーム間で有意な変化なし
79,frame_0237.png,frame_0240.png,240,STATIC,206,0,0.623,0.14275,0.09657,0.677,0.0057,0.00865,1.517,77.6,110.2,False,False,0.8,前後フレーム間で有意な変化なし
80,frame_0240.png,frame_0243.png,243,FOV_OUT,145,-129,0.626,0.09657,0.03082,0.319,0.00865,0.0067,0.774,110.2,85.8,False,False,0.4,高周波比↓ (0.097→0.031 ×0.32): ズームアウト方向 FOV 変化候補（地形テクスチャ変化との混同注意・要目視確認）
81,frame_0243.png,frame_0246.png,246,FOV_IN,82,-105,0.751,0.03082,0.07815,2.536,0.0067,0.0074,1.105,85.8,84.4,False,False,0.4,高周波比↑ (0.031→0.078 ×2.54): ズームイン方向 FOV 変化候補（地形テクスチャ変化との混同注意・要目視確認）
82,frame_0246.png,frame_0249.png,249,STATIC,-120,0,0.983,0.07815,0.13749,1.759,0.0074,0.00729,0.985,84.4,76.0,False,False,0.8,前後フレーム間で有意な変化なし
83,frame_0249.png,frame_0252.png,252,STATIC,0,0,1.0,0.13749,0.08914,0.648,0.00729,0.00752,1.032,76.0,67.5,False,False,0.8,前後フレーム間で有意な変化なし
84,frame_0252.png,frame_0255.png,255,STATIC,0,0,1.0,0.08914,0.111,1.245,0.00752,0.00696,0.924,67.5,78.2,False,False,0.8,前後フレーム間で有意な変化なし
85,frame_0255.png,frame_0258.png,258,EDGE_SURGE,6,-3,0.676,0.111,0.09274,0.835,0.00696,0.03154,4.534,78.2,90.8,False,False,0.55,エッジ密度急増 (0.0070→0.0315 ×4.5): シーン急変またはFOV切替後
86,frame_0258.png,frame_0261.png,261,STATIC,0,0,1.0,0.09274,0.07071,0.762,0.03154,0.02712,0.86,90.8,89.9,False,False,0.8,前後フレーム間で有意な変化なし
87,frame_0261.png,frame_0264.png,264,STATIC,0,0,0.954,0.07071,0.0848,1.199,0.02712,0.03282,1.21,89.9,88.6,False,False,0.8,前後フレーム間で有意な変化なし
88,frame_0264.png,frame_0267.png,267,STATIC,0,0,0.686,0.0848,0.07163,0.845,0.03282,0.03371,1.027,88.6,116.8,False,False,0.8,前後フレーム間で有意な変化なし
89,frame_0267.png,frame_0270.png,270,STATIC,0,0,1.0,0.07163,0.07025,0.981,0.03371,0.02759,0.818,116.8,103.0,False,False,0.8,前後フレーム間で有意な変化なし
90,frame_0270.png,frame_0273.png,273,STATIC,0,0,1.0,0.07025,0.05872,0.836,0.02759,0.03194,1.158,103.0,91.2,False,False,0.8,前後フレーム間で有意な変化なし
91,frame_0273.png,frame_0276.png,276,STATIC,0,0,1.0,0.05872,0.08242,1.404,0.03194,0.03204,1.003,91.2,95.3,False,False,0.8,前後フレーム間で有意な変化なし
92,frame_0276.png,frame_0279.png,279,STATIC,0,0,1.0,0.08242,0.07386,0.896,0.03204,0.03222,1.006,95.3,105.2,False,False,0.8,前後フレーム間で有意な変化なし
93,frame_0279.png,frame_0282.png,282,STATIC,0,0,1.0,0.07386,0.04203,0.569,0.03222,0.02698,0.837,105.2,105.0,False,False,0.8,前後フレーム間で有意な変化なし
94,frame_0282.png,frame_0285.png,285,STATIC,-3,3,1.0,0.04203,0.04408,1.049,0.02698,0.02804,1.039,105.0,91.8,False,False,0.8,前後フレーム間で有意な変化なし
95,frame_0285.png,frame_0288.png,288,FOV_IN,-4,3,1.0,0.04408,0.09924,2.252,0.02804,0.03053,1.089,91.8,100.8,False,False,0.4,高周波比↑ (0.044→0.099 ×2.25): ズームイン方向 FOV 変化候補（地形テクスチャ変化との混同注意・要目視確認）
